"Year_x","Position","#","Player","Team_x","GP","MPG","PPG","FGM","FGA","FG%","3PM","3PA","3P%","FTM","FTA","FT%","ORB","DRB","RPG","APG","SPG","BPG","TOV","PF","Year_y","Pos","HT","WT","Team_y","Birth City","Draft Status","Nationality","League"
2019,G,13,Aleksa Uskokovic,FMP,11.0,30.75,14.5,5.25,11.625,0.56375,1.875,5.0,0.4825,2.125,2.375,1.13125,0.75,3.125,4.0,3.375,1.875,0.25,2.0,2.875,2011,G,"6-4","190",KK Borac Cacak,Belgrade,"2021 NBA Draft, Undrafted",Serbia,Serbian KLS
2023,G,16,Aleksa Uskokovic,MEG,8.0,38.0,14.125,4.5,12.5,0.45375,1.75,6.25,0.34375,3.25,4.5,0.905,1.0,4.125,5.0,10.375,1.0,0.375,2.25,2.625,2011,G,"6-4","190",KK Borac Cacak,Belgrade,"2021 NBA Draft, Undrafted",Serbia,Serbian KLS
2019,G,17,Mihailo Jovicic,BEO,24.0,34.625,12.375,4.375,9.875,0.5625,1.125,3.25,0.42375,2.375,3.125,0.95875,0.5,3.75,4.375,5.25,1.75,0.0,2.375,2.25,2011,G,"6-2","194",KK Vrsac Swisslion,Kragujevac,"2021 NBA Draft, Undrafted",Serbia,Serbian KLS
2020,G,13,Mihailo Jovicic,BEO,25.0,40.0,14.0,4.75,12.5,0.46875,1.5,4.25,0.42125,3.125,4.375,0.89125,0.75,4.625,5.25,5.25,1.875,0.0,3.0,2.25,2011,G,"6-2","194",KK Vrsac Swisslion,Kragujevac,"2021 NBA Draft, Undrafted",Serbia,Serbian KLS
2019,G,25,Milos Milisavljevic,DYNA,3.0,23.75,7.125,2.875,6.25,0.58375,0.375,2.875,0.17875,0.875,1.625,0.625,0.0,1.625,1.625,5.0,1.25,0.0,3.375,2.875,2011,G,"6-4","202",KK Spartak Subotica,Backa Topola,"2015 NBA Draft, Undrafted",Serbia,Serbian KLS
2023,G,14,Milos Milisavljevic,SPAR,25.0,30.75,14.25,5.125,11.5,0.5525,2.0,6.25,0.4,2.0,2.625,0.985,0.875,4.75,5.625,3.625,1.5,0.125,2.5,3.0,2011,G,"6-4","202",KK Spartak Subotica,Backa Topola,"2015 NBA Draft, Undrafted",Serbia,Serbian KLS
2019,G,4,Stefan Simic,SLOB,35.0,34.5,18.5,6.5,11.5,0.70375,0.5,2.25,0.27375,5.0,8.125,0.7625,1.875,7.0,8.875,3.75,2.0,0.625,2.125,3.875,2011,G,"6-5","175",KK Vrsac Swisslion,Sabac,"2018 NBA Draft, Undrafted",Serbia,Serbian KLS
2020,G,7,Stefan Simic,SLOB,25.0,34.875,15.25,5.625,10.5,0.67,0.75,3.0,0.2875,3.25,5.375,0.76375,2.0,6.125,8.125,4.625,1.75,0.625,2.5,3.375,2011,G,"6-5","175",KK Vrsac Swisslion,Sabac,"2018 NBA Draft, Undrafted",Serbia,Serbian KLS
2021,G,17,Stefan Simic,SLOB,27.0,26.875,12.5,4.375,8.375,0.645,0.375,1.625,0.25,3.5,5.75,0.75625,1.75,4.5,6.375,3.75,1.125,0.25,2.25,2.75,2011,G,"6-5","175",KK Vrsac Swisslion,Sabac,"2018 NBA Draft, Undrafted",Serbia,Serbian KLS
2023,G,5,Stefan Simic,SWIS,28.0,34.625,18.5,7.125,12.75,0.69875,0.625,2.625,0.28,3.625,6.75,0.67875,2.125,5.75,7.875,5.0,2.5,0.375,2.75,3.625,2011,G,"6-5","175",KK Vrsac Swisslion,Sabac,"2018 NBA Draft, Undrafted",Serbia,Serbian KLS
2019,G,6,Uros Trifunovic,ZEM,25.0,40.375,17.25,6.25,14.25,0.54625,2.0,5.5,0.46625,2.625,3.25,1.00375,1.75,2.125,3.875,3.75,1.0,0.0,2.875,2.875,2011,G,"6-7","194",KK Partizan,Belgrade,"2022 NBA Draft, Undrafted",Serbia,Serbian KLS
2019,G,10,Luka Asceric,MEG,11.0,30.75,15.5,5.0,10.0,0.625,3.0,6.625,0.56,2.5,3.125,0.9825,1.0,3.25,4.375,4.0,0.625,0.625,1.875,3.875,2011,G,"6-7","196",FMP Beograd,Sankt Polten,"2019 NBA Draft, Undrafted",AustriaSerbia,Serbian KLS
2019,G,13,Dusan Kutlesic,DYNA,31.0,28.125,14.5,5.0,10.625,0.5825,1.5,5.0,0.3625,3.125,4.75,0.81625,1.0,2.25,3.25,4.125,2.25,0.25,2.25,2.75,2011,G,"6-6","195",KK Spartak Subotica,Uzice,"2016 NBA Draft, Undrafted",Serbia,Serbian KLS
2020,F,4,Dusan Kutlesic,SLOB,17.0,36.375,19.625,7.0,13.625,0.645,1.875,5.125,0.4525,3.625,5.5,0.83375,0.875,4.75,5.625,5.75,2.375,0.125,2.0,3.125,2011,G,"6-6","195",KK Spartak Subotica,Uzice,"2016 NBA Draft, Undrafted",Serbia,Serbian KLS
2021,G,7,Dusan Kutlesic,ZLAT,29.0,34.5,19.0,6.625,12.75,0.6525,1.125,3.5,0.38625,4.625,6.75,0.8525,1.5,2.375,3.875,3.875,2.375,0.25,2.5,3.5,2011,G,"6-6","195",KK Spartak Subotica,Uzice,"2016 NBA Draft, Undrafted",Serbia,Serbian KLS
2022,G,1,Dusan Kutlesic,ZLAT,30.0,37.0,25.375,9.125,16.375,0.6975,1.875,4.875,0.47375,5.25,7.25,0.91,1.625,5.0,6.625,3.75,2.5,0.25,3.0,3.0,2011,G,"6-6","195",KK Spartak Subotica,Uzice,"2016 NBA Draft, Undrafted",Serbia,Serbian KLS
2019,G,15,Stefan Mitrovic,TAM,33.0,25.75,12.875,4.625,9.625,0.59375,1.75,4.375,0.505,2.0,2.375,1.035,0.5,1.125,1.5,1.5,1.25,0.0,1.0,2.125,2011,G,"6-5",-,KK Tamis,Vrsac,"2016 NBA Draft, Undrafted",Serbia,Serbian KLS
2020,G,9,Stefan Mitrovic,ZLAT,25.0,30.375,13.75,4.25,9.0,0.6,2.375,6.0,0.50375,2.75,3.25,1.07375,0.625,2.125,2.75,1.125,1.25,0.0,1.0,3.5,2011,G,"6-5",-,KK Tamis,Vrsac,"2016 NBA Draft, Undrafted",Serbia,Serbian KLS
2021,G,24,Stefan Mitrovic,ZLAT,27.0,24.375,10.0,3.0,7.5,0.505,1.75,4.75,0.4775,2.25,2.75,1.0175,0.625,1.75,2.5,1.125,0.75,0.0,1.125,3.0,2011,G,"6-5",-,KK Tamis,Vrsac,"2016 NBA Draft, Undrafted",Serbia,Serbian KLS
2022,F,15,Stefan Mitrovic,RADN,24.0,28.5,13.75,4.25,9.5,0.55625,2.75,6.5,0.52,2.5,3.125,1.03875,0.625,2.625,3.25,1.125,0.625,0.125,0.75,4.0,2011,G,"6-5",-,KK Tamis,Vrsac,"2016 NBA Draft, Undrafted",Serbia,Serbian KLS
2023,G,36,Stefan Mitrovic,NOV,33.0,18.625,6.875,2.125,5.625,0.465,1.25,3.875,0.39625,1.5,1.75,1.09,0.25,0.875,1.125,0.875,0.875,0.0,0.625,2.125,2011,G,"6-5",-,KK Tamis,Vrsac,"2016 NBA Draft, Undrafted",Serbia,Serbian KLS
2019,G,24,Branko Lazic,ZVE,15.0,22.5,7.875,2.625,5.75,0.58,1.375,3.875,0.4625,1.125,1.25,1.08375,0.5,0.625,1.125,1.125,1.125,0.125,0.625,2.875,2011,G,"6-5","192",KK Crvena Zvezda,Loznica,"2011 NBA Draft, Undrafted",Serbia,Serbian KLS
2021,G,34,Branko Lazic,ZVE,7.0,24.0,7.375,2.625,4.875,0.695,1.75,3.625,0.625,0.125,0.125,1.25,0.375,1.625,2.0,1.25,0.75,0.0,0.375,3.25,2011,G,"6-5","192",KK Crvena Zvezda,Loznica,"2011 NBA Draft, Undrafted",Serbia,Serbian KLS
2022,G,31,Branko Lazic,ZVE,5.0,26.0,8.75,3.25,7.0,0.58,1.5,4.75,0.395,0.75,1.0,0.9375,0.75,1.0,1.75,0.75,0.0,0.0,0.25,2.0,2011,G,"6-5","192",KK Crvena Zvezda,Loznica,"2011 NBA Draft, Undrafted",Serbia,Serbian KLS
2023,F,39,Branko Lazic,ZVE,2.0,16.0,1.875,0.625,2.5,0.3125,0.625,2.5,0.3125,0.0,0.0,0.0,0.625,0.625,1.25,0.625,1.25,0.0,2.5,2.5,2011,G,"6-5","192",KK Crvena Zvezda,Loznica,"2011 NBA Draft, Undrafted",Serbia,Serbian KLS
2019,G,25,Luka Mitrovic,SWIS,13.0,23.25,7.75,2.25,5.375,0.53625,0.5,1.75,0.3475,2.625,3.0,1.08875,0.25,1.75,2.0,3.25,0.625,0.0,1.625,2.25,2011,F,"6-8","200",KK Crvena Zvezda,Novi Sad,"2015 Rnd 2 Pick 30",Serbia,Serbian KLS
2020,G,3,Luka Mitrovic,DUN,26.0,34.875,20.25,5.875,14.375,0.50375,2.125,6.25,0.42,6.5,7.625,1.06,0.5,3.25,3.75,5.5,1.125,0.0,3.125,2.125,2011,F,"6-8","200",KK Crvena Zvezda,Novi Sad,"2015 Rnd 2 Pick 30",Serbia,Serbian KLS
2021,G,35,Luka Mitrovic,ZEM,25.0,18.375,7.25,2.5,5.75,0.55,0.75,2.25,0.42625,1.375,1.75,1.0,0.375,1.0,1.25,3.0,0.625,0.0,1.25,1.5,2011,F,"6-8","200",KK Crvena Zvezda,Novi Sad,"2015 Rnd 2 Pick 30",Serbia,Serbian KLS
2022,G,3,Luka Mitrovic,BEO,28.0,35.0,19.0,6.25,13.875,0.56,1.875,5.5,0.41375,4.75,5.75,1.035,0.625,2.625,3.25,8.25,1.125,0.0,3.375,3.25,2011,F,"6-8","200",KK Crvena Zvezda,Novi Sad,"2015 Rnd 2 Pick 30",Serbia,Serbian KLS
2022,F,23,Luka Mitrovic,ZVE,5.0,18.0,10.25,4.25,7.25,0.7325,0.0,0.25,0.0,1.75,3.0,0.72875,2.5,3.5,6.0,1.5,0.25,0.0,1.5,1.75,2011,F,"6-8","200",KK Crvena Zvezda,Novi Sad,"2015 Rnd 2 Pick 30",Serbia,Serbian KLS
2023,F,2,Luka Mitrovic,ZVE,2.0,25.75,23.125,7.5,10.625,0.8825,0.0,0.0,0.0,8.125,9.375,1.08375,0.625,6.875,7.5,1.875,1.25,0.0,3.75,1.25,2011,F,"6-8","200",KK Crvena Zvezda,Novi Sad,"2015 Rnd 2 Pick 30",Serbia,Serbian KLS
2019,F,2,Ivan Smiljanic,TAM,36.0,38.25,19.875,6.25,13.125,0.59375,3.125,7.75,0.5025,4.25,5.25,1.03375,1.5,4.875,6.375,2.375,1.75,0.25,1.5,2.5,2011,F,"6-7","194",Zlatibor Cajetina,Belgrade,"2011 NBA Draft, Undrafted",Serbia,Serbian KLS
2020,F,13,Ivan Smiljanic,DYNA,24.0,32.125,11.625,4.125,7.875,0.64625,2.875,6.125,0.5725,0.75,1.0,0.875,2.125,2.75,4.875,2.25,1.125,0.125,0.875,2.25,2011,F,"6-7","194",Zlatibor Cajetina,Belgrade,"2011 NBA Draft, Undrafted",Serbia,Serbian KLS
2021,F,8,Ivan Smiljanic,TAM,27.0,39.875,15.25,5.0,11.75,0.53,3.375,8.875,0.475,1.875,2.625,0.8775,1.875,3.25,5.125,3.0,1.25,0.0,1.375,2.375,2011,F,"6-7","194",Zlatibor Cajetina,Belgrade,"2011 NBA Draft, Undrafted",Serbia,Serbian KLS
2022,F,4,Ivan Smiljanic,TAM,29.0,42.375,17.25,5.25,12.75,0.52125,3.0,8.625,0.43125,3.625,4.375,1.0525,2.125,5.75,7.75,2.25,1.5,0.25,1.5,2.375,2011,F,"6-7","194",Zlatibor Cajetina,Belgrade,"2011 NBA Draft, Undrafted",Serbia,Serbian KLS
2023,F,9,Ivan Smiljanic,TAM,28.0,39.125,16.375,5.125,12.125,0.53,3.125,8.25,0.4825,3.0,3.5,1.04375,2.5,6.75,9.25,1.875,1.5,0.0,1.5,2.5,2011,F,"6-7","194",Zlatibor Cajetina,Belgrade,"2011 NBA Draft, Undrafted",Serbia,Serbian KLS
2019,F,7,Nemanja Kapetanovic,SWIS,25.0,34.75,13.125,4.25,11.25,0.48,1.5,6.0,0.305,3.125,3.75,1.03375,1.0,4.375,5.375,2.75,1.125,0.0,1.625,2.875,2011,G,"6-5","187",KK Joker Sombor,Belgrade,"2019 NBA Draft, Undrafted",Serbia,Serbian KLS
2023,G,17,Nemanja Kapetanovic,SLOB,30.0,29.875,13.625,4.625,11.375,0.515,1.875,5.875,0.40125,2.375,4.625,0.65875,0.875,4.25,5.0,2.875,1.125,0.125,2.0,2.0,2011,G,"6-5","187",KK Joker Sombor,Belgrade,"2019 NBA Draft, Undrafted",Serbia,Serbian KLS
2019,F,10,Filip Barna,SPAR,21.0,35.375,12.25,3.875,9.125,0.53125,0.75,2.75,0.32625,3.75,5.5,0.87,1.375,4.75,6.25,4.625,0.375,0.375,4.125,3.375,2011,GF,"6-6","192",KK Spartak Subotica,Belgrade,"2012 NBA Draft, Undrafted",Serbia,Serbian KLS
2021,F,30,Filip Barna,ZEM,10.0,15.625,6.5,2.125,4.0,0.66375,0.5,1.875,0.33375,1.75,2.125,1.03,1.5,1.0,2.5,1.375,0.375,0.125,0.875,2.125,2011,GF,"6-6","192",KK Spartak Subotica,Belgrade,"2012 NBA Draft, Undrafted",Serbia,Serbian KLS
2023,G,9,Filip Barna,SPAR,36.0,29.625,15.875,5.75,10.75,0.665,1.5,4.5,0.41625,3.0,4.125,0.9075,1.5,2.75,4.25,3.375,1.375,0.375,2.625,2.125,2011,GF,"6-6","192",KK Spartak Subotica,Belgrade,"2012 NBA Draft, Undrafted",Serbia,Serbian KLS
2019,F,11,Dejan Davidovac,ZVE,16.0,26.125,11.875,3.875,8.75,0.5475,2.25,5.625,0.50375,2.0,2.875,0.8675,0.375,3.375,3.75,2.75,1.375,0.5,1.375,2.375,2011,F,"6-8","210",KK Crvena Zvezda,Zrenjanin,"2017 NBA Draft, Undrafted",Serbia,Serbian KLS
2021,F,17,Dejan Davidovac,ZVE,7.0,28.625,11.125,3.375,7.875,0.54,1.75,4.875,0.4625,2.5,2.875,1.09375,0.5,5.5,6.125,3.0,2.125,1.125,1.25,3.0,2011,F,"6-8","210",KK Crvena Zvezda,Zrenjanin,"2017 NBA Draft, Undrafted",Serbia,Serbian KLS
2022,F,42,Dejan Davidovac,ZVE,5.0,15.125,2.5,1.25,3.25,0.48125,0.0,1.25,0.0,0.0,0.0,0.0,0.25,1.75,2.0,1.75,0.5,0.5,1.25,1.0,2011,F,"6-8","210",KK Crvena Zvezda,Zrenjanin,"2017 NBA Draft, Undrafted",Serbia,Serbian KLS
2019,F,12,Jovan Stamenic,MET,15.0,29.875,11.375,4.0,9.625,0.52125,1.125,4.25,0.31875,2.25,2.75,1.0225,0.625,1.375,1.875,0.75,1.375,0.125,0.875,3.375,2011,F,"6-7",-,KK Sloga,Kraljevo,"2018 NBA Draft, Undrafted",Serbia,Serbian KLS
2020,F,22,Jovan Stamenic,ZLAT,25.0,18.125,7.75,2.625,4.875,0.6825,1.25,3.0,0.53,1.125,1.5,0.95875,0.5,1.25,1.75,0.75,0.75,0.0,0.75,3.0,2011,F,"6-7",-,KK Sloga,Kraljevo,"2018 NBA Draft, Undrafted",Serbia,Serbian KLS
2021,F,44,Jovan Stamenic,NJKP,14.0,12.875,3.875,1.375,3.625,0.4575,0.75,2.375,0.41625,0.375,0.5,1.0,0.625,0.875,1.5,0.5,0.25,0.0,0.5,2.625,2011,F,"6-7",-,KK Sloga,Kraljevo,"2018 NBA Draft, Undrafted",Serbia,Serbian KLS
2022,F,17,Jovan Stamenic,SLO,32.0,29.375,13.5,4.125,9.75,0.53375,2.875,7.25,0.48625,2.375,2.75,1.07125,1.0,2.5,3.5,1.625,1.625,0.0,0.875,3.75,2011,F,"6-7",-,KK Sloga,Kraljevo,"2018 NBA Draft, Undrafted",Serbia,Serbian KLS
2023,F,25,Jovan Stamenic,SLO,23.0,32.375,10.0,3.125,8.875,0.4375,2.375,7.125,0.42,1.375,1.625,1.04125,0.625,2.125,2.75,1.25,0.875,0.0,0.875,3.375,2011,F,"6-7",-,KK Sloga,Kraljevo,"2018 NBA Draft, Undrafted",Serbia,Serbian KLS
2019,F,15,Uros Carapic,BOR,35.0,26.25,10.375,3.25,8.125,0.50875,1.125,3.875,0.36375,2.625,3.0,1.07375,0.625,2.625,3.25,1.125,1.125,0.375,0.625,3.25,2011,GF,"6-5","201",KK Borac Cacak,Cacak,"2018 NBA Draft, Undrafted",Serbia,Serbian KLS
2020,F,10,Uros Carapic,BOR,24.0,28.0,12.875,4.375,8.75,0.6175,1.0,3.5,0.37375,3.25,4.25,0.945,1.5,2.875,4.375,1.75,1.25,0.375,1.5,2.875,2011,GF,"6-5","201",KK Borac Cacak,Cacak,"2018 NBA Draft, Undrafted",Serbia,Serbian KLS
2021,F,28,Uros Carapic,BOR,4.0,19.375,6.875,1.875,5.625,0.41625,1.0,3.125,0.375,2.25,2.25,1.25,0.625,1.875,2.5,0.625,0.625,0.375,1.25,1.625,2011,GF,"6-5","201",KK Borac Cacak,Cacak,"2018 NBA Draft, Undrafted",Serbia,Serbian KLS
2022,G,25,Uros Carapic,BOR,7.0,30.0,10.5,3.75,8.625,0.5475,1.75,5.375,0.41625,1.25,2.0,0.795,0.875,3.75,4.625,2.125,2.125,0.0,0.875,3.75,2011,GF,"6-5","201",KK Borac Cacak,Cacak,"2018 NBA Draft, Undrafted",Serbia,Serbian KLS
2023,G,1,Uros Carapic,BOR,6.0,35.375,24.75,7.75,14.625,0.66125,2.5,6.625,0.46875,6.875,7.875,1.085,1.25,2.5,3.75,3.5,1.25,0.25,1.875,3.125,2011,GF,"6-5","201",KK Borac Cacak,Cacak,"2018 NBA Draft, Undrafted",Serbia,Serbian KLS
2019,F,24,Vuk Vulikic,DYNA,26.0,28.0,8.125,2.875,7.625,0.46375,1.875,5.125,0.46,0.625,1.0,0.71375,0.375,2.5,2.875,4.5,0.75,0.0,2.25,3.25,2011,G,"6-5","205",KK Mladost Admiral Zemun,Belgrade,"2025 NBA Draft Eligible",Serbia,Serbian KLS
2020,G,28,Vuk Vulikic,DYNA,21.0,22.75,6.875,2.375,5.875,0.4975,1.25,3.625,0.45875,0.875,1.125,0.98625,0.25,1.625,1.875,3.875,0.5,0.0,1.875,2.0,2011,G,"6-5","205",KK Mladost Admiral Zemun,Belgrade,"2025 NBA Draft Eligible",Serbia,Serbian KLS
2019,F,28,Altin Islamovic,BEO,30.0,19.625,7.125,2.625,6.75,0.48125,1.5,4.5,0.40875,0.5,1.0,0.5725,1.375,2.0,3.375,1.0,0.625,0.0,0.625,1.625,2011,F,"6-6","188",OKK Novi Pazar,Novi Pazar,"2022 NBA Draft, Undrafted",Serbia,Serbian KLS
2020,F,23,Altin Islamovic,PAZ,23.0,17.75,7.25,2.5,5.5,0.58125,1.125,3.0,0.455,1.0,1.25,1.0325,2.125,1.625,3.75,0.75,0.25,0.0,0.875,2.125,2011,F,"6-6","188",OKK Novi Pazar,Novi Pazar,"2022 NBA Draft, Undrafted",Serbia,Serbian KLS
2021,F,27,Altin Islamovic,PAZ,29.0,23.75,7.25,2.625,7.25,0.45625,1.625,5.25,0.3825,0.375,0.75,0.78125,1.125,2.125,3.375,1.125,0.375,0.0,0.875,1.5,2011,F,"6-6","188",OKK Novi Pazar,Novi Pazar,"2022 NBA Draft, Undrafted",Serbia,Serbian KLS
2022,F,21,Altin Islamovic,PAZ,28.0,33.625,12.75,4.0,9.375,0.53625,2.625,7.0,0.46125,2.125,2.5,1.06875,1.75,3.25,5.0,1.5,1.125,0.0,1.25,2.625,2011,F,"6-6","188",OKK Novi Pazar,Novi Pazar,"2022 NBA Draft, Undrafted",Serbia,Serbian KLS
2023,F,21,Altin Islamovic,MET,11.0,22.125,9.125,3.0,8.625,0.4275,1.875,6.125,0.37,1.375,1.75,1.0,1.0,3.375,4.375,0.625,0.25,0.125,1.25,1.875,2011,F,"6-6","188",OKK Novi Pazar,Novi Pazar,"2022 NBA Draft, Undrafted",Serbia,Serbian KLS
2023,F,30,Altin Islamovic,PAZ,10.0,23.0,6.25,2.25,7.5,0.375,1.125,3.625,0.3875,0.625,0.875,0.8925,1.25,2.75,4.0,1.0,0.375,0.0,0.5,3.125,2011,F,"6-6","188",OKK Novi Pazar,Novi Pazar,"2022 NBA Draft, Undrafted",Serbia,Serbian KLS
2019,F,30,Milan Munizaba,SWIS,22.0,19.625,6.375,1.625,4.75,0.43625,1.25,4.0,0.405,1.875,2.125,1.08125,0.0,1.5,1.625,1.75,1.25,0.0,0.625,2.625,2011,F,"6-6",-,KK Metalac Valjevo,Vrsac,"2020 NBA Draft, Undrafted",Serbia,Serbian KLS
2019,F,12,Luka Cerovina,BEO,30.0,27.375,11.25,3.75,9.375,0.4925,2.0,5.25,0.4625,1.875,2.25,1.0,0.875,4.125,5.0,2.625,1.375,0.75,2.25,3.75,2011,F,"6-7","208",KK Spartak Subotica,Kragujevac,"2022 NBA Draft, Undrafted",Serbia,Serbian KLS
2021,F,26,Luka Cerovina,MEG,8.0,15.125,7.625,2.625,5.5,0.6075,1.75,3.75,0.5725,0.625,0.625,1.25,0.375,1.625,1.875,1.375,0.375,0.0,1.0,2.625,2011,F,"6-7","208",KK Spartak Subotica,Kragujevac,"2022 NBA Draft, Undrafted",Serbia,Serbian KLS
2022,F,14,Luka Cerovina,MEG,9.0,31.125,14.125,4.5,10.875,0.5125,2.25,5.375,0.5125,3.0,3.875,0.9825,0.5,3.625,4.125,3.875,1.5,0.125,2.25,3.375,2011,F,"6-7","208",KK Spartak Subotica,Kragujevac,"2022 NBA Draft, Undrafted",Serbia,Serbian KLS
2023,F,13,Luka Cerovina,MEG,8.0,33.125,13.0,4.125,10.125,0.5,2.375,5.75,0.50625,2.5,3.125,1.0,0.75,3.25,4.125,2.625,1.375,1.0,2.875,3.625,2011,F,"6-7","208",KK Spartak Subotica,Kragujevac,"2022 NBA Draft, Undrafted",Serbia,Serbian KLS
2019,F,14,Bratislav Jekovic,TAM,36.0,30.75,10.25,3.375,7.625,0.5425,2.25,5.75,0.48,1.375,2.0,0.915,0.75,3.75,4.5,1.875,0.625,0.125,1.625,4.25,2011,F,"6-8",-,KK Vrsac Swisslion,Cacak,"2018 NBA Draft, Undrafted",Serbia,Serbian KLS
2020,F,24,Bratislav Jekovic,DUN,20.0,20.5,6.0,1.875,5.5,0.4125,1.375,4.625,0.37125,1.0,1.125,1.04125,0.375,1.875,2.25,0.875,0.625,0.125,1.0,2.875,2011,F,"6-8",-,KK Vrsac Swisslion,Cacak,"2018 NBA Draft, Undrafted",Serbia,Serbian KLS
2021,F,21,Bratislav Jekovic,SWIS,30.0,31.25,10.5,3.25,7.875,0.525,2.125,6.25,0.43,1.75,2.5,0.89625,0.625,3.0,3.625,2.0,0.625,0.125,0.625,4.625,2011,F,"6-8",-,KK Vrsac Swisslion,Cacak,"2018 NBA Draft, Undrafted",Serbia,Serbian KLS
2022,C,29,Bratislav Jekovic,SWIS,29.0,29.25,7.5,2.25,7.125,0.39375,1.75,5.5,0.39125,1.25,1.5,1.0075,1.0,4.5,5.5,1.375,0.75,0.125,0.75,3.625,2011,F,"6-8",-,KK Vrsac Swisslion,Cacak,"2018 NBA Draft, Undrafted",Serbia,Serbian KLS
2023,F,26,Bratislav Jekovic,SWIS,29.0,30.875,9.875,3.125,8.75,0.44125,2.5,7.5,0.42125,1.125,1.5,0.9925,1.25,3.5,4.75,1.625,0.875,0.0,0.75,3.25,2011,F,"6-8",-,KK Vrsac Swisslion,Cacak,"2018 NBA Draft, Undrafted",Serbia,Serbian KLS
2019,C,3,Nenad Nerandzic,MET,26.0,37.25,19.625,7.375,16.375,0.5625,0.625,3.875,0.21875,4.125,7.125,0.73,2.125,6.625,8.75,2.125,1.375,1.375,2.5,3.5,2011,FC,"6-8",-,KK Dynamic,Belgrade,"2018 NBA Draft, Undrafted",Serbia,Serbian KLS
2020,F,11,Nenad Nerandzic,BOR,26.0,23.75,11.75,4.375,8.75,0.635,1.375,3.625,0.46625,1.625,2.75,0.71125,1.375,5.0,6.375,1.75,0.875,0.5,1.625,3.0,2011,FC,"6-8",-,KK Dynamic,Belgrade,"2018 NBA Draft, Undrafted",Serbia,Serbian KLS
2021,C,21,Nenad Nerandzic,BOR,4.0,30.25,12.5,5.0,9.75,0.645,1.0,1.875,0.625,1.625,2.25,0.8925,1.25,5.0,6.25,1.0,1.25,2.5,0.0,3.5,2011,FC,"6-8",-,KK Dynamic,Belgrade,"2018 NBA Draft, Undrafted",Serbia,Serbian KLS
2022,C,10,Nenad Nerandzic,FMP,2.0,28.0,16.875,6.875,13.125,0.655,1.875,5.0,0.46875,1.25,3.125,0.5,3.125,1.25,4.375,0.0,3.125,0.625,1.875,3.125,2011,FC,"6-8",-,KK Dynamic,Belgrade,"2018 NBA Draft, Undrafted",Serbia,Serbian KLS
2019,C,6,Milos Glisic,DYNA,30.0,34.75,15.125,6.0,9.75,0.76625,0.875,2.75,0.41,2.125,3.5,0.77375,2.875,4.875,7.75,1.75,1.125,0.625,1.0,2.875,2011,F,"6-9","215",Zlatibor Cajetina,Banja Luka,"2020 NBA Draft, Undrafted",Bosnia and HerzegovinaSerbia,Serbian KLS
2020,C,9,Milos Glisic,DYNA,20.0,23.875,11.625,5.0,7.625,0.82,0.25,1.125,0.2775,1.375,2.625,0.655,2.375,3.0,5.375,0.5,0.875,0.5,0.875,3.375,2011,F,"6-9","215",Zlatibor Cajetina,Banja Luka,"2020 NBA Draft, Undrafted",Bosnia and HerzegovinaSerbia,Serbian KLS
2022,F,36,Milos Glisic,DYNA,16.0,21.875,6.625,2.625,4.875,0.685,0.25,1.0,0.28875,1.0,2.0,0.625,2.375,3.25,5.5,1.125,0.5,0.375,0.75,2.875,2011,F,"6-9","215",Zlatibor Cajetina,Banja Luka,"2020 NBA Draft, Undrafted",Bosnia and HerzegovinaSerbia,Serbian KLS
2019,C,16,Dorde Majstorovic,BOR,34.0,26.625,10.125,3.875,7.75,0.63125,0.75,3.0,0.34,1.5,2.0,0.93125,1.625,4.25,5.75,1.625,0.75,0.625,1.875,3.75,2011,C,"6-10","220",KK Cacak 94,Cacak,"2012 NBA Draft, Undrafted",Serbia,Serbian KLS
2020,C,13,Dorde Majstorovic,BOR,24.0,20.75,10.375,3.75,6.875,0.6675,1.125,2.875,0.50875,1.875,3.0,0.75375,1.0,3.5,4.5,1.625,0.5,1.0,1.25,3.125,2011,C,"6-10","220",KK Cacak 94,Cacak,"2012 NBA Draft, Undrafted",Serbia,Serbian KLS
2023,F,19,Dorde Majstorovic,C94,23.0,30.25,12.25,5.0,9.125,0.68875,0.875,2.75,0.375,1.5,2.75,0.675,1.125,4.625,5.75,1.625,0.875,0.75,2.125,3.5,2011,C,"6-10","220",KK Cacak 94,Cacak,"2012 NBA Draft, Undrafted",Serbia,Serbian KLS
2019,C,18,Petar Rakicevic,DYNA,33.0,26.875,8.75,3.5,8.75,0.49,1.125,4.0,0.3625,0.75,1.0,0.84875,1.5,3.25,4.875,5.0,0.875,0.5,3.375,2.5,2011,GF,"6-9","220",KK Vojvodina Novi Sad,Prokuplje,"2017 NBA Draft, Undrafted",Serbia,Serbian KLS
2021,F,17,Petar Rakicevic,NOV,32.0,30.25,12.0,4.5,9.875,0.56375,1.625,4.75,0.43375,1.5,1.875,0.94375,1.375,4.25,5.625,5.25,1.125,0.375,2.25,2.625,2011,GF,"6-9","220",KK Vojvodina Novi Sad,Prokuplje,"2017 NBA Draft, Undrafted",Serbia,Serbian KLS
2022,F,18,Petar Rakicevic,NOV,28.0,31.5,12.875,4.5,11.5,0.49125,2.0,6.875,0.37125,1.75,2.25,1.0,1.125,3.375,4.5,5.0,1.625,0.375,2.875,2.75,2011,GF,"6-9","220",KK Vojvodina Novi Sad,Prokuplje,"2017 NBA Draft, Undrafted",Serbia,Serbian KLS
2020,G,8,Milos Nikolic,TAM,26.0,37.875,15.875,5.125,10.375,0.61375,1.625,3.5,0.6075,4.0,4.625,1.105,0.375,2.875,3.25,6.375,1.0,0.0,3.125,2.25,2011,G,"6-1","184",KK Joker Sombor,Subotica,"2018 NBA Draft, Undrafted",Serbia,Serbian KLS
2021,G,9,Milos Nikolic,SWIS,18.0,27.5,14.5,5.0,8.5,0.7375,1.125,2.25,0.60625,3.375,4.125,1.02125,0.25,2.0,2.25,3.125,0.875,0.0,1.25,2.0,2011,G,"6-1","184",KK Joker Sombor,Subotica,"2018 NBA Draft, Undrafted",Serbia,Serbian KLS
2020,G,16,Tadija Tadic,SLOB,26.0,34.875,13.625,4.625,10.625,0.5425,1.75,4.5,0.47875,2.75,3.125,1.0775,1.25,3.25,4.5,4.75,1.75,0.0,2.75,4.125,2011,G,"6-3","192",KK Dynamic,Zemun,"2021 NBA Draft, Undrafted",Serbia,Serbian KLS
2021,G,14,Tadija Tadic,SLOB,29.0,33.625,11.875,4.0,9.125,0.54625,1.625,4.375,0.4775,2.125,2.875,0.9475,0.5,3.625,4.125,5.0,1.375,0.0,2.75,3.5,2011,G,"6-3","192",KK Dynamic,Zemun,"2021 NBA Draft, Undrafted",Serbia,Serbian KLS
2022,G,21,Tadija Tadic,ZLAT,29.0,32.625,11.375,3.875,9.5,0.5075,1.875,5.0,0.4675,1.75,2.125,1.05,1.25,3.5,4.75,5.375,1.375,0.0,2.125,3.25,2011,G,"6-3","192",KK Dynamic,Zemun,"2021 NBA Draft, Undrafted",Serbia,Serbian KLS
2023,G,19,Tadija Tadic,ZLAT,11.0,31.625,12.625,4.875,10.375,0.59125,1.875,4.625,0.51875,0.875,1.125,1.0,0.875,4.0,4.875,4.75,1.25,0.0,1.125,2.5,2011,G,"6-3","192",KK Dynamic,Zemun,"2021 NBA Draft, Undrafted",Serbia,Serbian KLS
2020,G,26,Lazar Vasic,TAM,25.0,21.5,7.5,2.625,6.5,0.51,1.5,3.75,0.4775,0.75,1.0,0.875,0.25,1.5,1.75,1.75,0.5,0.125,1.375,1.75,2011,G,"6-3","180",KK Mladost Admiral Zemun,Belgrade,"2023 NBA Draft, Undrafted",Serbia,Serbian KLS
2022,G,26,Lazar Vasic,SLOD,23.0,24.5,8.75,3.125,8.125,0.48625,1.75,5.375,0.4,0.75,0.875,1.03,0.25,2.125,2.375,2.5,0.375,0.0,1.75,1.875,2011,G,"6-3","180",KK Mladost Admiral Zemun,Belgrade,"2023 NBA Draft, Undrafted",Serbia,Serbian KLS
2023,G,23,Lazar Vasic,SWIS,29.0,19.375,8.625,3.0,8.875,0.42625,1.75,6.0,0.3575,0.875,1.375,0.795,0.5,1.125,1.625,1.75,0.625,0.0,0.875,1.75,2011,G,"6-3","180",KK Mladost Admiral Zemun,Belgrade,"2023 NBA Draft, Undrafted",Serbia,Serbian KLS
2020,F,5,Ranko Simovic,SLOB,18.0,31.0,18.625,6.25,12.75,0.61125,1.0,3.75,0.3475,5.125,7.5,0.845,4.75,5.375,10.125,1.125,1.375,0.75,2.625,4.125,2011,F,"6-8","198",FMP Beograd,Podgorica,"2021 NBA Draft, Undrafted",Serbia,Serbian KLS
2023,F,15,Ranko Simovic,FMP,10.0,25.625,12.125,5.0,10.875,0.575,1.125,4.0,0.35125,1.0,1.75,0.71375,2.75,4.25,7.0,1.0,1.5,0.25,1.375,3.125,2011,F,"6-8","198",FMP Beograd,Podgorica,"2021 NBA Draft, Undrafted",Serbia,Serbian KLS
2020,F,15,Nemanja Todorovic,BOR,26.0,24.375,10.375,4.0,8.875,0.5575,1.75,5.125,0.4325,0.75,1.5,0.605,0.875,4.125,5.0,1.25,1.625,0.25,1.375,3.5,2011,F,"6-7","198",KK Borac Cacak,Cacak,"2013 NBA Draft, Undrafted",SerbiaMontenegro,Serbian KLS
2021,F,23,Nemanja Todorovic,BOR,4.0,27.625,10.375,4.125,11.875,0.4275,1.0,7.25,0.1625,1.25,1.875,0.83375,1.875,6.25,8.125,2.875,0.625,0.625,1.25,3.75,2011,F,"6-7","198",KK Borac Cacak,Cacak,"2013 NBA Draft, Undrafted",SerbiaMontenegro,Serbian KLS
2022,F,35,Nemanja Todorovic,BOR,7.0,24.0,6.375,2.125,7.375,0.36625,1.125,4.875,0.2775,1.125,1.25,1.07125,0.875,4.5,5.375,3.0,0.875,0.5,0.75,4.125,2011,F,"6-7","198",KK Borac Cacak,Cacak,"2013 NBA Draft, Undrafted",SerbiaMontenegro,Serbian KLS
2023,F,26,Nemanja Todorovic,BOR,6.0,31.375,7.875,3.125,7.125,0.55125,1.25,3.75,0.41625,0.375,1.25,0.41625,2.125,6.5,8.5,3.125,1.25,0.375,1.25,1.5,2011,F,"6-7","198",KK Borac Cacak,Cacak,"2013 NBA Draft, Undrafted",SerbiaMontenegro,Serbian KLS
2020,F,16,Bojan Stanojevic,ZLAT,26.0,21.25,9.625,3.875,6.5,0.755,0.125,0.375,0.3575,1.75,2.625,0.84125,1.5,2.375,3.875,1.25,0.625,0.125,2.125,3.625,2011,F,"6-8","205",KK Tamis,Belgrade,"2010 NBA Draft, Undrafted",Serbia,Serbian KLS
2021,F,26,Bojan Stanojevic,ZLAT,28.0,20.5,9.5,3.5,6.125,0.715,0.0,0.25,0.20875,2.375,3.0,0.98875,1.125,1.875,3.125,0.875,0.5,0.0,2.0,3.125,2011,F,"6-8","205",KK Tamis,Belgrade,"2010 NBA Draft, Undrafted",Serbia,Serbian KLS
2022,F,36,Bojan Stanojevic,RADN,24.0,16.0,5.625,2.125,4.0,0.665,0.0,0.375,0.20875,1.25,1.75,0.91875,0.875,1.5,2.375,1.125,0.375,0.0,1.875,2.5,2011,F,"6-8","205",KK Tamis,Belgrade,"2010 NBA Draft, Undrafted",Serbia,Serbian KLS
2023,F,22,Bojan Stanojevic,TAM,25.0,22.375,9.0,3.25,5.875,0.695,0.125,0.25,0.625,2.375,3.0,0.9625,1.25,2.125,3.375,1.375,0.5,0.125,2.0,3.5,2011,F,"6-8","205",KK Tamis,Belgrade,"2010 NBA Draft, Undrafted",Serbia,Serbian KLS
2020,F,21,Stefan Agoc,NOV,15.0,24.375,8.125,2.875,6.0,0.6075,0.375,1.5,0.2775,2.0,3.25,0.76875,1.25,1.75,3.0,0.875,0.625,0.375,1.125,3.375,2011,F,"6-7","210",KK Dynamic,Novi Sad,"2024 NBA Draft Eligible",Serbia,Serbian KLS
2022,F,27,Stefan Agoc,SWIS,26.0,25.125,9.125,3.5,6.25,0.70625,0.25,1.125,0.3125,1.625,2.875,0.74125,2.0,2.25,4.375,0.375,0.75,0.25,1.0,2.75,2011,F,"6-7","210",KK Dynamic,Novi Sad,"2024 NBA Draft Eligible",Serbia,Serbian KLS
2023,F,17,Stefan Agoc,SWIS,29.0,32.0,13.125,4.625,8.5,0.685,0.625,1.875,0.43625,3.125,5.25,0.74125,2.125,3.125,5.125,1.625,1.0,0.375,1.375,3.0,2011,F,"6-7","210",KK Dynamic,Novi Sad,"2024 NBA Draft Eligible",Serbia,Serbian KLS
2020,F,22,Bogdan Mikavica,NJKP,17.0,18.25,7.25,2.625,6.125,0.5275,1.0,2.75,0.46,1.125,1.875,0.72125,0.75,2.75,3.5,1.125,0.375,0.125,1.125,1.5,2011,GF,"6-5",-,KK Sloga,Priboj,"2021 NBA Draft, Undrafted",Serbia,Serbian KLS
2021,G,37,Bogdan Mikavica,PAZ,27.0,18.0,6.75,2.5,5.125,0.61375,0.375,1.375,0.3625,1.25,2.125,0.70625,0.375,1.375,1.75,1.5,1.125,0.375,1.375,2.875,2011,GF,"6-5",-,KK Sloga,Priboj,"2021 NBA Draft, Undrafted",Serbia,Serbian KLS
2022,G,17,Bogdan Mikavica,PAZ,30.0,32.75,12.0,4.375,9.625,0.57625,0.875,2.625,0.41625,2.25,3.25,0.87625,1.0,3.375,4.25,2.375,1.375,0.5,2.375,2.875,2011,GF,"6-5",-,KK Sloga,Priboj,"2021 NBA Draft, Undrafted",Serbia,Serbian KLS
2023,G,12,Bogdan Mikavica,PAZ,29.0,34.625,15.25,5.75,12.625,0.565,1.625,5.125,0.41,2.125,4.25,0.6,0.75,2.875,3.625,2.75,1.75,0.5,2.25,2.375,2011,GF,"6-5",-,KK Sloga,Priboj,"2021 NBA Draft, Undrafted",Serbia,Serbian KLS
2020,F,25,Marko Brekic,BEO,14.0,16.625,6.25,2.125,6.625,0.405,1.0,3.75,0.3275,1.0,1.125,1.0575,0.375,2.375,2.625,0.875,0.625,0.0,0.625,2.625,2011,F,"6-6","207",KK Joker Sombor,Belgrade,"2023 NBA Draft, Undrafted",Serbia,Serbian KLS
2021,F,23,Marko Brekic,BEO,30.0,28.25,9.875,3.5,9.25,0.475,1.625,5.625,0.37,1.25,1.875,0.82375,1.375,3.625,5.0,1.125,0.875,0.125,1.125,3.625,2011,F,"6-6","207",KK Joker Sombor,Belgrade,"2023 NBA Draft, Undrafted",Serbia,Serbian KLS
2022,F,37,Marko Brekic,BEO,29.0,14.75,5.5,2.0,4.875,0.4975,0.75,2.5,0.345,1.0,1.25,0.9825,0.75,1.5,2.375,0.875,0.375,0.0,0.875,2.625,2011,F,"6-6","207",KK Joker Sombor,Belgrade,"2023 NBA Draft, Undrafted",Serbia,Serbian KLS
2020,F,26,Luka Gasic,NJKP,14.0,15.75,6.25,2.375,4.875,0.61375,0.125,1.375,0.15625,1.25,1.75,0.875,1.0,3.0,4.0,0.75,0.375,0.25,0.875,1.875,2011,F,"6-5",-,KK Mladost Admiral Zemun,Kikinda,"2020 NBA Draft, Undrafted",Serbia,Serbian KLS
2021,F,11,Luka Gasic,KKKO,30.0,28.875,13.875,5.125,9.75,0.6575,0.625,2.75,0.26125,3.0,4.625,0.83,2.25,4.375,6.625,1.375,1.125,0.125,2.5,3.375,2011,F,"6-5",-,KK Mladost Admiral Zemun,Kikinda,"2020 NBA Draft, Undrafted",Serbia,Serbian KLS
2020,F,7,Nemanja Popovic,BEO,22.0,28.625,14.25,5.75,11.625,0.61875,0.25,1.5,0.23125,2.5,4.375,0.7075,2.375,4.125,6.375,1.625,0.5,1.5,2.25,3.0,2011,F,"6-8","218",KK Mega Bemax,Arandelovac,"2023 NBA Draft, Undrafted",Serbia,Serbian KLS
2022,F,15,Nemanja Popovic,NOV,18.0,28.375,14.0,6.25,11.5,0.68125,0.25,1.125,0.22,1.375,2.25,0.72,2.625,5.375,7.875,1.5,0.75,1.625,2.625,2.625,2011,F,"6-8","218",KK Mega Bemax,Arandelovac,"2023 NBA Draft, Undrafted",Serbia,Serbian KLS
2020,F,8,Aleksa Cabrilo,TAM,25.0,34.875,14.125,4.75,10.75,0.55875,1.75,5.25,0.40875,2.875,4.25,0.84875,1.375,4.875,6.25,2.0,1.25,0.625,2.0,4.25,2011,F,"6-9","180",Radnicki 1950 Kragujevac,Novi Sad,"2019 NBA Draft, Undrafted",Serbia,Serbian KLS
2021,F,34,Aleksa Cabrilo,ZLAT,24.0,16.125,7.25,2.5,5.75,0.55125,1.0,2.875,0.42375,1.125,1.5,0.9825,1.125,1.875,3.0,0.375,0.375,0.5,0.75,2.75,2011,F,"6-9","180",Radnicki 1950 Kragujevac,Novi Sad,"2019 NBA Draft, Undrafted",Serbia,Serbian KLS
2022,F,28,Aleksa Cabrilo,ZLAT,32.0,22.125,8.625,2.875,7.375,0.4825,1.5,4.375,0.4125,1.5,1.75,1.1075,1.0,3.875,4.875,1.25,0.5,0.5,1.0,2.5,2011,F,"6-9","180",Radnicki 1950 Kragujevac,Novi Sad,"2019 NBA Draft, Undrafted",Serbia,Serbian KLS
2023,F,31,Aleksa Cabrilo,ZLAT,31.0,19.75,6.875,2.375,6.0,0.49875,1.5,4.25,0.425,0.75,0.875,0.97875,1.0,2.5,3.375,0.75,0.375,0.125,0.75,2.5,2011,F,"6-9","180",Radnicki 1950 Kragujevac,Novi Sad,"2019 NBA Draft, Undrafted",Serbia,Serbian KLS
2020,F,28,Aleksa Cubic,SLOB,13.0,15.75,4.875,1.875,4.875,0.46625,0.625,1.875,0.4375,0.625,1.125,0.625,0.75,2.375,3.125,1.25,0.625,0.0,0.875,1.125,2011,F,"6-8","190",KK Sloboda Uzice,Uzice,"2022 NBA Draft, Undrafted",Serbia,Serbian KLS
2021,F,42,Aleksa Cubic,SLOB,26.0,18.875,5.625,2.25,5.375,0.53625,0.375,1.625,0.3025,0.625,0.875,0.79,1.0,2.125,3.125,1.625,0.375,0.375,1.25,2.75,2011,F,"6-8","190",KK Sloboda Uzice,Uzice,"2022 NBA Draft, Undrafted",Serbia,Serbian KLS
2022,F,32,Aleksa Cubic,SLOB,31.0,24.75,8.0,3.25,7.5,0.54875,0.5,2.375,0.275,0.875,1.25,0.82,1.625,3.125,4.625,2.25,0.75,0.375,1.25,3.0,2011,F,"6-8","190",KK Sloboda Uzice,Uzice,"2022 NBA Draft, Undrafted",Serbia,Serbian KLS
2023,F,36,Aleksa Cubic,SLOB,27.0,19.125,5.75,2.25,5.25,0.53125,0.5,1.375,0.41625,0.875,1.375,0.76625,0.75,2.0,2.75,1.125,0.5,0.25,1.0,2.625,2011,F,"6-8","190",KK Sloboda Uzice,Uzice,"2022 NBA Draft, Undrafted",Serbia,Serbian KLS
2020,F,29,Nikola Stefanovic,MET,18.0,9.375,3.75,1.375,2.625,0.6575,0.375,1.0,0.53625,0.5,0.875,0.76875,0.75,2.125,2.875,0.625,0.375,0.375,0.25,1.125,2011,F,"6-9","198",KK Sloga,Kraljevo,"2021 NBA Draft, Undrafted",Serbia,Serbian KLS
2021,F,16,Nikola Stefanovic,MET,29.0,32.875,12.125,4.5,9.25,0.6075,1.75,5.125,0.44125,1.375,2.5,0.6675,1.375,3.75,5.125,1.375,1.0,2.5,0.875,3.5,2011,F,"6-9","198",KK Sloga,Kraljevo,"2021 NBA Draft, Undrafted",Serbia,Serbian KLS
2022,F,35,Nikola Stefanovic,MET,30.0,26.625,6.875,2.375,5.625,0.515,0.875,3.5,0.31625,1.25,2.125,0.775,1.125,3.125,4.25,1.75,1.5,1.25,1.25,3.5,2011,F,"6-9","198",KK Sloga,Kraljevo,"2021 NBA Draft, Undrafted",Serbia,Serbian KLS
2023,F,39,Nikola Stefanovic,MET,36.0,23.0,4.75,2.0,4.875,0.4925,0.5,2.625,0.23,0.375,0.75,0.75,1.125,2.625,3.875,1.625,0.625,0.75,1.375,2.25,2011,F,"6-9","198",KK Sloga,Kraljevo,"2021 NBA Draft, Undrafted",Serbia,Serbian KLS
2020,F,32,Marko Milenkovic,ZEM,17.0,10.25,2.125,0.75,3.125,0.29125,0.625,2.25,0.3225,0.125,0.125,0.625,0.125,0.625,0.75,0.125,0.5,0.0,0.375,1.375,2011,F,"6-7",-,KK Mladost Admiral Zemun,Kursumlija,"2021 NBA Draft, Undrafted",Serbia,Serbian KLS
2021,F,46,Marko Milenkovic,ZEM,18.0,5.75,2.25,0.875,2.5,0.41625,0.375,1.75,0.28875,0.25,0.25,0.9375,0.25,0.375,0.625,0.25,0.25,0.0,0.125,0.75,2011,F,"6-7",-,KK Mladost Admiral Zemun,Kursumlija,"2021 NBA Draft, Undrafted",Serbia,Serbian KLS
2022,G,38,Marko Milenkovic,ZEM,28.0,20.125,6.875,2.5,6.875,0.46625,1.375,4.375,0.4125,0.375,0.5,1.125,0.5,1.25,1.75,1.25,0.625,0.125,0.625,2.25,2011,F,"6-7",-,KK Mladost Admiral Zemun,Kursumlija,"2021 NBA Draft, Undrafted",Serbia,Serbian KLS
2023,F,15,Marko Milenkovic,ZEM,25.0,32.5,13.5,5.0,11.625,0.54375,2.375,6.25,0.47375,1.0,1.125,1.13625,0.75,0.75,1.5,2.0,0.875,0.25,1.625,2.75,2011,F,"6-7",-,KK Mladost Admiral Zemun,Kursumlija,"2021 NBA Draft, Undrafted",Serbia,Serbian KLS
2020,C,1,Dimitrije Nikolic,SLOB,25.0,41.5,22.875,8.125,14.75,0.68875,1.5,3.75,0.5,5.0,6.375,0.98625,3.25,5.375,8.75,2.125,1.375,0.75,2.0,4.125,2011,C,"6-11","247",Zlatibor Cajetina,Kragujevac,"2019 NBA Draft, Undrafted",Serbia,Serbian KLS
2021,C,6,Dimitrije Nikolic,SLOB,25.0,34.625,20.125,7.0,12.875,0.67625,0.875,3.25,0.3275,5.375,7.25,0.91625,2.875,4.5,7.375,2.25,0.75,0.625,2.75,4.0,2011,C,"6-11","247",Zlatibor Cajetina,Kragujevac,"2019 NBA Draft, Undrafted",Serbia,Serbian KLS
2022,C,11,Dimitrije Nikolic,ZLAT,22.0,33.25,16.625,5.625,10.125,0.69125,1.25,3.125,0.5,4.125,5.125,1.01375,3.5,5.125,8.625,1.5,1.0,0.375,1.5,3.5,2011,C,"6-11","247",Zlatibor Cajetina,Kragujevac,"2019 NBA Draft, Undrafted",Serbia,Serbian KLS
2020,C,4,Aleksa Stepanovic,MET,26.0,32.875,16.25,5.5,10.625,0.6475,1.0,3.5,0.3825,4.25,5.375,0.985,2.25,6.875,9.125,2.5,1.375,1.25,2.875,4.75,2011,F,"6-9","205",FMP Beograd,Nis,"2020 NBA Draft, Undrafted",Serbia,Serbian KLS
2021,F,10,Aleksa Stepanovic,SLOB,30.0,37.125,15.625,5.5,10.875,0.63,1.375,3.5,0.5,3.25,4.375,0.95,2.5,6.375,8.875,4.375,1.625,1.25,2.5,4.75,2011,F,"6-9","205",FMP Beograd,Nis,"2020 NBA Draft, Undrafted",Serbia,Serbian KLS
2023,F,7,Aleksa Stepanovic,FMP,10.0,27.375,17.625,6.5,11.75,0.69125,0.625,2.5,0.3125,4.0,5.875,0.85125,2.0,3.5,5.5,2.375,1.75,0.0,3.125,2.25,2011,F,"6-9","205",FMP Beograd,Nis,"2020 NBA Draft, Undrafted",Serbia,Serbian KLS
2020,C,6,Mihailo Todorovic,KKKO,26.0,25.25,12.75,5.375,7.875,0.84625,0.0,0.25,0.25,2.0,3.0,0.83375,2.25,3.5,5.875,0.375,0.375,0.75,1.875,3.0,2011,C,"6-11",-,OKK Novi Pazar,"","2017 NBA Draft, Undrafted",Serbia,Serbian KLS
2022,C,9,Mihailo Todorovic,TAM,15.0,31.25,17.625,7.25,10.625,0.85625,0.375,0.75,0.695,2.625,4.0,0.83375,3.625,3.375,7.0,2.0,1.0,0.75,2.375,3.0,2011,C,"6-11",-,OKK Novi Pazar,"","2017 NBA Draft, Undrafted",Serbia,Serbian KLS
2022,C,22,Mihailo Todorovic,SLOD,13.0,28.625,9.75,4.375,7.75,0.695,0.0,0.5,0.0,1.125,2.5,0.5775,4.125,3.875,8.0,3.0,0.75,1.0,1.625,3.625,2011,C,"6-11",-,OKK Novi Pazar,"","2017 NBA Draft, Undrafted",Serbia,Serbian KLS
2020,C,18,Bojan Tomasevic,DYNA,26.0,21.125,9.0,3.25,6.5,0.625,1.5,3.5,0.54,0.875,1.125,0.9375,0.625,2.25,2.875,1.0,0.375,0.125,1.125,2.5,2011,C,"6-7","220",KK Borac Cacak,Niksic,"2023 NBA Draft, Undrafted",Montenegro,Serbian KLS
2021,C,9,Bojan Tomasevic,DYNA,29.0,39.5,17.625,5.75,11.5,0.625,2.25,5.5,0.52125,3.75,4.375,1.06625,2.125,5.375,7.5,1.5,0.75,0.25,1.625,2.875,2011,C,"6-7","220",KK Borac Cacak,Niksic,"2023 NBA Draft, Undrafted",Montenegro,Serbian KLS
2023,C,9,Bojan Tomasevic,BOR,6.0,37.75,15.25,5.875,12.75,0.57375,2.5,5.875,0.53625,1.0,1.5,0.8925,1.5,3.75,5.25,1.0,1.0,0.0,1.25,3.375,2011,C,"6-7","220",KK Borac Cacak,Niksic,"2023 NBA Draft, Undrafted",Montenegro,Serbian KLS
2020,C,22,Marko Pavicevic,TAM,22.0,16.25,6.625,2.5,5.125,0.61125,0.25,0.625,0.5,1.375,2.75,0.65125,0.625,2.5,3.25,0.5,0.375,0.25,1.125,3.125,2011,C,"6-10","220",FMP Beograd,Belgrade,"2023 NBA Draft, Undrafted",Serbia,Serbian KLS
2021,C,13,Marko Pavicevic,TAM,26.0,27.0,16.0,5.875,11.0,0.66875,0.25,0.75,0.33375,4.0,6.375,0.79,1.875,4.75,6.625,1.75,0.875,0.875,2.5,3.75,2011,C,"6-10","220",FMP Beograd,Belgrade,"2023 NBA Draft, Undrafted",Serbia,Serbian KLS
2020,C,23,Lazar Stankovic,NJKP,26.0,18.75,6.375,2.25,4.5,0.625,0.75,2.25,0.435,1.125,1.625,0.87125,1.625,2.25,3.875,0.875,0.5,0.75,0.75,2.125,2011,C,"6-9",-,OKK Novi Pazar,Jagodina,"2021 NBA Draft, Undrafted",Serbia,Serbian KLS
2021,C,27,Lazar Stankovic,NJKP,25.0,26.5,8.125,2.875,6.125,0.59,1.0,3.0,0.445,1.25,1.75,0.8925,1.0,4.0,5.0,1.25,0.375,0.75,1.0,2.75,2011,C,"6-9",-,OKK Novi Pazar,Jagodina,"2021 NBA Draft, Undrafted",Serbia,Serbian KLS
2022,C,32,Lazar Stankovic,RADN,26.0,15.625,6.0,2.25,4.0,0.71375,0.375,0.875,0.46,1.0,1.5,0.875,0.875,2.75,3.625,0.5,0.375,0.875,0.625,2.375,2011,C,"6-9",-,OKK Novi Pazar,Jagodina,"2021 NBA Draft, Undrafted",Serbia,Serbian KLS
2021,G,6,Ognjen Jaramaz,PAR,5.0,31.75,15.25,5.25,12.5,0.525,2.5,6.25,0.5,2.25,3.25,0.865,0.5,2.5,3.0,7.5,1.0,0.0,1.75,2.5,2011,G,"6-4","181",KK Partizan,Krusevac,"2017 Rnd 2 Pick 28",Serbia,Serbian KLS
2021,G,8,Filip Dumic,RADN,23.0,44.625,14.625,4.5,11.625,0.4825,3.25,8.75,0.46875,2.375,3.0,0.9775,0.375,4.75,5.125,10.375,1.25,0.0,3.5,4.0,2011,G,"6-0","190",KK Cacak 94,"","2012 NBA Draft, Undrafted",Serbia,Serbian KLS
2022,G,15,Filip Dumic,RADN,27.0,38.25,12.25,3.75,9.75,0.4825,2.625,7.25,0.45375,2.125,2.875,0.9075,0.5,4.25,4.875,6.375,1.75,0.0,3.25,4.25,2011,G,"6-0","190",KK Cacak 94,"","2012 NBA Draft, Undrafted",Serbia,Serbian KLS
2023,G,26,Filip Dumic,C94,25.0,24.75,8.0,2.375,5.625,0.52,1.75,4.625,0.47,1.5,2.0,0.99375,0.375,2.5,2.875,3.0,1.0,0.0,1.75,2.75,2011,G,"6-0","190",KK Cacak 94,"","2012 NBA Draft, Undrafted",Serbia,Serbian KLS
2021,G,23,Marko Bajic,MET,23.0,24.75,9.375,3.75,8.125,0.57875,0.625,1.875,0.44125,1.25,2.25,0.70125,0.875,1.875,2.75,2.5,2.0,0.375,2.125,4.5,2011,G,"6-3","176",KK Metalac Valjevo,"","2023 NBA Draft, Undrafted",Serbia,Serbian KLS
2022,G,24,Marko Bajic,MET,27.0,25.25,9.75,4.0,9.5,0.5275,0.375,2.0,0.2375,1.375,2.5,0.7075,1.0,2.75,3.75,3.125,1.5,0.125,2.0,4.0,2011,G,"6-3","176",KK Metalac Valjevo,"","2023 NBA Draft, Undrafted",Serbia,Serbian KLS
2023,G,24,Marko Bajic,MET,36.0,25.5,11.625,4.75,9.75,0.61375,0.5,2.0,0.29625,1.625,2.75,0.7275,1.0,2.625,3.75,2.875,1.125,0.375,2.25,3.875,2011,G,"6-3","176",KK Metalac Valjevo,"","2023 NBA Draft, Undrafted",Serbia,Serbian KLS
2021,G,35,Mateja Majstorovic,SWIS,11.0,3.375,0.125,0.0,0.625,0.0,0.0,0.625,0.0,0.125,0.25,0.625,0.125,0.125,0.25,0.25,0.0,0.0,0.25,0.5,2011,G,"6-2",-,KK Vrsac Swisslion,"","2025 NBA Draft Eligible",Serbia,Serbian KLS
2022,G,41,Mateja Majstorovic,SWIS,15.0,4.375,1.375,0.375,1.0,0.52125,0.375,0.75,0.555,0.25,0.5,0.625,0.125,0.125,0.25,0.25,0.125,0.0,0.25,0.625,2011,G,"6-2",-,KK Vrsac Swisslion,"","2025 NBA Draft Eligible",Serbia,Serbian KLS
2021,G,10,Vuk Djordjevic,DYNA,30.0,31.25,16.125,5.25,10.75,0.6125,2.25,5.25,0.54125,3.375,4.125,1.0,0.5,3.625,4.125,2.5,0.875,0.0,2.0,2.625,2011,G,"6-4",-,KK Vrsac Swisslion,"","2013 NBA Draft, Undrafted",Slovakia,Serbian KLS
2021,G,14,Slobodan Jovanovic,MET,28.0,32.75,14.25,5.125,13.375,0.47625,2.0,7.5,0.3325,2.125,2.75,0.9475,0.625,2.375,3.0,2.25,1.25,0.125,1.875,3.125,2011,G,"6-4","210",KK Vrsac Swisslion,Belgrade,"2019 NBA Draft, Undrafted",Serbia,Serbian KLS
2022,G,29,Slobodan Jovanovic,SWIS,29.0,25.875,9.25,3.25,9.75,0.4225,1.75,6.0,0.3775,1.0,1.25,0.9825,0.625,2.25,2.875,2.0,1.125,0.125,1.0,2.25,2011,G,"6-4","210",KK Vrsac Swisslion,Belgrade,"2019 NBA Draft, Undrafted",Serbia,Serbian KLS
2023,G,26,Slobodan Jovanovic,SWIS,29.0,25.5,10.875,3.75,8.625,0.55,2.5,6.0,0.5125,0.75,1.0,0.97875,0.5,1.75,2.375,2.375,0.75,0.125,1.25,2.0,2011,G,"6-4","210",KK Vrsac Swisslion,Belgrade,"2019 NBA Draft, Undrafted",Serbia,Serbian KLS
2021,G,23,Marko Ljubicic,NOV,21.0,28.25,10.0,3.25,7.875,0.5175,1.875,5.375,0.43,1.625,2.25,0.92125,0.125,3.75,4.0,6.5,1.75,0.0,1.875,3.0,2011,G,"6-5","190",KK Vojvodina Novi Sad,Novi Sad,"2009 NBA Draft, Undrafted",Serbia,Serbian KLS
2022,G,41,Marko Ljubicic,NOV,16.0,25.625,6.625,2.125,9.375,0.28125,0.875,5.625,0.19125,1.5,1.75,1.0325,0.625,5.375,6.0,5.75,2.5,0.0,2.125,3.0,2011,G,"6-5","190",KK Vojvodina Novi Sad,Novi Sad,"2009 NBA Draft, Undrafted",Serbia,Serbian KLS
2023,G,19,Marko Ljubicic,NOV,28.0,27.375,13.0,4.125,10.75,0.47375,2.0,7.0,0.36,2.875,3.75,0.95625,0.375,4.875,5.375,4.875,1.5,0.0,1.875,2.5,2011,G,"6-5","190",KK Vojvodina Novi Sad,Novi Sad,"2009 NBA Draft, Undrafted",Serbia,Serbian KLS
2021,G,25,Stefan Sinovec,MET,15.0,26.625,10.0,2.875,7.875,0.46,1.375,5.625,0.29875,2.875,4.0,0.885,0.75,2.375,3.125,3.5,0.375,0.125,1.75,3.0,2011,G,"6-4","190",KK Metalac Valjevo,Belgrade,"2010 NBA Draft, Undrafted",Serbia,Serbian KLS
2021,G,26,Dusan Radosavljevic,MET,21.0,24.375,9.125,3.5,7.875,0.55875,0.875,3.75,0.2825,1.25,2.0,0.80875,1.25,3.75,5.0,1.25,1.25,0.25,1.0,3.25,2011,G,"6-7",-,KK Spartak Subotica,"","2023 NBA Draft, Undrafted",Serbia,Serbian KLS
2022,G,15,Dusan Radosavljevic,DYNA,32.0,27.875,13.125,4.875,9.375,0.65875,0.75,2.5,0.35125,2.625,4.75,0.6975,2.625,4.375,7.0,2.625,1.0,0.375,2.25,3.5,2011,G,"6-7",-,KK Spartak Subotica,"","2023 NBA Draft, Undrafted",Serbia,Serbian KLS
2023,G,3,Dusan Radosavljevic,ZEM,19.0,38.25,20.125,7.125,17.125,0.5225,2.125,6.875,0.38125,3.625,7.375,0.62,0.75,6.125,6.875,5.75,2.0,1.0,4.125,2.875,2011,G,"6-7",-,KK Spartak Subotica,"","2023 NBA Draft, Undrafted",Serbia,Serbian KLS
2023,F,6,Dusan Radosavljevic,DYNA,11.0,33.5,15.625,6.125,13.5,0.5675,0.75,4.0,0.25,2.625,6.0,0.5425,3.125,7.875,11.0,3.75,1.375,1.625,2.125,3.375,2011,G,"6-7",-,KK Spartak Subotica,"","2023 NBA Draft, Undrafted",Serbia,Serbian KLS
2021,G,28,Marko Grkovic,DUN,29.0,20.625,8.875,3.0,5.75,0.6525,1.0,2.25,0.56625,1.75,2.125,1.025,0.5,2.5,3.0,0.875,0.5,0.25,0.875,1.75,2011,G,"6-6","201",KK Tamis,Pristina,"2019 NBA Draft, Undrafted",MontenegroKosovo,Serbian KLS
2022,G,11,Marko Grkovic,DUN,30.0,36.75,14.5,4.875,12.125,0.505,1.375,5.5,0.315,3.375,4.5,0.935,1.125,4.625,5.75,2.625,0.875,0.375,2.375,2.875,2011,G,"6-6","201",KK Tamis,Pristina,"2019 NBA Draft, Undrafted",MontenegroKosovo,Serbian KLS
2023,F,11,Marko Grkovic,DUN,22.0,34.0,13.625,4.5,10.125,0.555,2.0,5.0,0.4975,2.625,3.25,1.0125,1.125,3.5,4.625,2.125,0.375,0.25,1.625,2.625,2011,G,"6-6","201",KK Tamis,Pristina,"2019 NBA Draft, Undrafted",MontenegroKosovo,Serbian KLS
2021,G,29,Luka Paunovic,BEO,20.0,28.125,8.75,3.125,7.0,0.5575,1.0,3.0,0.41625,1.5,2.125,0.845,1.125,3.0,4.125,3.875,1.25,0.375,2.25,1.875,2011,G,"6-6",-,KK Mega Bemax,Uzice,"2024 NBA Draft Eligible",Serbia,Serbian KLS
2022,G,21,Luka Paunovic,BEO,27.0,30.125,10.875,4.25,7.625,0.70875,1.5,3.5,0.53375,0.75,1.25,0.7875,0.75,3.0,3.75,3.375,1.875,0.375,1.875,2.25,2011,G,"6-6",-,KK Mega Bemax,Uzice,"2024 NBA Draft Eligible",Serbia,Serbian KLS
2023,G,27,Luka Paunovic,BEO,19.0,29.5,10.25,3.875,8.625,0.5625,1.625,4.375,0.455,0.875,2.0,0.54125,0.875,3.5,4.375,2.125,0.75,0.125,2.25,2.25,2011,G,"6-6",-,KK Mega Bemax,Uzice,"2024 NBA Draft Eligible",Serbia,Serbian KLS
2021,G,38,Nikola Manojlovic,TAM,22.0,20.0,6.25,2.375,3.75,0.765,0.25,0.875,0.41625,1.375,1.875,0.90875,1.25,2.125,3.375,2.25,0.875,0.0,1.25,2.625,2011,GF,"6-7","210",KK Borac Cacak,Novi Sad,"2024 NBA Draft Eligible",Serbia,Serbian KLS
2022,F,13,Nikola Manojlovic,SLOD,15.0,31.375,14.25,5.875,8.625,0.85,0.75,1.75,0.53625,1.875,2.625,0.8875,1.625,5.125,6.625,2.25,0.875,0.375,3.5,3.75,2011,GF,"6-7","210",KK Borac Cacak,Novi Sad,"2024 NBA Draft Eligible",Serbia,Serbian KLS
2021,G,42,Dorde Milosavljevic,ZEM,25.0,23.0,5.875,2.0,4.5,0.57,0.5,1.625,0.37875,1.25,2.0,0.8125,1.25,1.875,3.125,3.375,0.5,0.0,1.875,4.25,2011,G,"6-4","183",Radnicki 1950 Kragujevac,Kragujevac,"2016 NBA Draft, Undrafted",Serbia,Serbian KLS
2022,G,37,Dorde Milosavljevic,ZEM,31.0,29.375,7.625,3.0,6.25,0.5925,0.5,2.125,0.265,1.375,2.0,0.825,1.25,4.0,5.25,3.625,0.875,0.125,2.375,3.875,2011,G,"6-4","183",Radnicki 1950 Kragujevac,Kragujevac,"2016 NBA Draft, Undrafted",Serbia,Serbian KLS
2021,G,43,Aleksa Nikolic,NOV,31.0,18.0,5.625,1.875,5.25,0.44875,1.0,3.625,0.33,0.875,1.25,0.82,0.625,2.5,3.125,2.75,1.0,0.25,1.375,1.5,2011,G,"6-7","198",KK Zdravlje Leskovac,Pancevo,"2018 NBA Draft, Undrafted",SerbiaSlovenia,Serbian KLS
2021,G,46,Ilija Milijasevic,DYNA,10.0,15.5,4.5,1.25,4.75,0.32875,0.875,3.375,0.32375,1.125,1.125,1.25,0.125,1.125,1.25,1.625,0.625,0.0,0.75,2.5,2011,G,"6-2","174",KK Mega Bemax,Belgrade,"2026 NBA Draft Eligible",Serbia,Serbian KLS
2022,G,13,Ilija Milijasevic,DYNA,30.0,29.5,12.875,4.0,11.25,0.44,2.0,7.0,0.3625,2.875,3.75,0.98375,0.75,2.0,2.75,3.0,1.0,0.125,2.125,2.875,2011,G,"6-2","174",KK Mega Bemax,Belgrade,"2026 NBA Draft Eligible",Serbia,Serbian KLS
2023,G,8,Ilija Milijasevic,DYNA,30.0,34.75,16.5,4.75,12.625,0.465,2.875,8.5,0.4225,4.125,5.0,1.0325,0.625,2.375,3.0,2.25,1.0,0.125,2.125,3.375,2011,G,"6-2","174",KK Mega Bemax,Belgrade,"2026 NBA Draft Eligible",Serbia,Serbian KLS
2021,G,51,Luka Nedeljkovic,NOV,18.0,8.0,2.0,0.5,1.875,0.37,0.375,1.125,0.39125,0.5,0.75,1.0,0.0,0.875,0.875,0.75,0.25,0.125,0.625,1.625,2011,G,"6-3",-,KK Vojvodina Novi Sad,"","2019 NBA Draft, Undrafted",Serbia,Serbian KLS
2022,G,46,Luka Nedeljkovic,NOV,16.0,11.25,4.625,1.75,4.25,0.5225,0.625,2.125,0.37,0.375,0.75,0.695,0.375,1.125,1.625,1.25,0.375,0.125,1.0,1.75,2011,G,"6-3",-,KK Vojvodina Novi Sad,"","2019 NBA Draft, Undrafted",Serbia,Serbian KLS
2023,G,30,Luka Nedeljkovic,NOV,35.0,23.0,9.0,2.875,6.875,0.52125,1.125,3.0,0.45125,2.25,2.625,1.07625,0.25,1.75,2.0,1.875,0.75,0.125,1.125,2.875,2011,G,"6-3",-,KK Vojvodina Novi Sad,"","2019 NBA Draft, Undrafted",Serbia,Serbian KLS
2021,F,12,Stefan Lazarevic,FMP,1.0,44.125,13.75,5.0,12.5,0.5,0.0,3.75,0.0,3.75,3.75,1.25,3.75,12.5,16.25,1.25,0.0,0.0,1.25,5.0,2011,F,"6-6","180",KK Crvena Zvezda,Belgrade,"2018 NBA Draft, Undrafted",Serbia,Serbian KLS
2023,F,34,Stefan Lazarevic,ZVE,2.0,21.25,5.0,0.625,1.875,0.41625,0.0,0.0,0.0,3.75,3.75,1.25,0.0,3.125,3.125,1.875,0.0,0.0,1.875,1.875,2011,F,"6-6","180",KK Crvena Zvezda,Belgrade,"2018 NBA Draft, Undrafted",Serbia,Serbian KLS
2021,F,38,Marko Simonovic,ZVE,7.0,22.125,5.5,1.75,5.5,0.40375,1.125,3.625,0.375,0.875,1.25,0.8925,0.375,2.375,2.625,2.0,1.125,0.125,0.875,2.125,2011,C,"7-0","220",KK Crvena Zvezda,Mojkovac,"2020 Rnd 2 Pick 14",Montenegro,Serbian KLS
2021,C,12,Marko Simonovic,MEG,8.0,34.0,16.25,5.5,10.625,0.64375,0.75,3.5,0.28375,4.5,5.625,1.0075,3.875,7.5,11.375,1.75,0.75,0.375,2.0,3.5,2011,C,"7-0","220",KK Crvena Zvezda,Mojkovac,"2020 Rnd 2 Pick 14",Montenegro,Serbian KLS
2021,F,41,Bogdan Petrovic,SLO,19.0,12.0,3.125,0.75,2.125,0.455,0.125,0.625,0.13875,1.5,1.75,1.0575,0.75,1.25,2.0,1.125,0.5,0.125,0.75,2.125,2011,GF,"6-5",-,KK Sloga,Kraljevo,"2023 NBA Draft, Undrafted",Serbia,Serbian KLS
2023,F,36,Bogdan Petrovic,SLO,23.0,12.25,3.5,1.25,2.375,0.65375,0.25,0.875,0.3675,0.75,1.25,0.72875,0.5,0.875,1.375,1.125,0.625,0.0,0.75,1.5,2011,GF,"6-5",-,KK Sloga,Kraljevo,"2023 NBA Draft, Undrafted",Serbia,Serbian KLS
2021,F,2,Nikola Djurisic,BEO,29.0,36.375,20.375,7.375,16.875,0.55,1.25,4.75,0.33,4.375,5.875,0.92125,1.0,3.0,4.0,3.75,1.0,0.25,3.75,4.125,2011,F,"6-8","214",KK Mega Bemax,Ghent,"2026 NBA Draft Eligible",BelgiumSerbia,Serbian KLS
2023,F,30,Nikola Djurisic,MEG,1.0,40.625,7.5,2.5,10.0,0.3125,1.25,7.5,0.20875,1.25,2.5,0.625,0.0,5.0,5.0,7.5,1.25,1.25,10.0,2.5,2011,F,"6-8","214",KK Mega Bemax,Ghent,"2026 NBA Draft Eligible",BelgiumSerbia,Serbian KLS
2021,F,9,Nikola Kostic,SLO,22.0,34.0,16.5,6.375,11.625,0.68625,0.625,2.375,0.3275,3.125,4.375,0.905,1.625,3.0,4.5,3.5,1.75,0.0,2.125,3.375,2011,FC,"6-7",-,KK Dynamic,"","2018 NBA Draft, Undrafted",Serbia,Serbian KLS
2022,C,14,Nikola Kostic,SLO,32.0,27.375,13.875,5.125,9.125,0.7,0.75,2.5,0.35125,3.0,4.75,0.785,1.75,3.0,4.75,3.75,1.0,0.0,1.75,2.75,2011,FC,"6-7",-,KK Dynamic,"","2018 NBA Draft, Undrafted",Serbia,Serbian KLS
2023,F,6,Nikola Kostic,DYNA,29.0,32.625,17.75,6.5,11.375,0.7125,0.875,2.875,0.38625,3.875,5.75,0.855,2.25,3.75,6.125,2.625,1.0,0.0,2.125,2.875,2011,FC,"6-7",-,KK Dynamic,"","2018 NBA Draft, Undrafted",Serbia,Serbian KLS
2021,F,11,Zoran Krstanovic,TAM,26.0,26.125,15.625,6.25,12.125,0.645,0.375,0.75,0.5475,2.75,3.125,1.09625,1.625,3.625,5.25,1.5,0.625,0.125,2.375,4.125,2011,F,"6-9","243",KK Joker Sombor,Sombor,"2004 NBA Draft, Undrafted",Serbia,Serbian KLS
2021,F,13,Stefan Savic,NOV,28.0,30.625,14.875,5.125,10.0,0.6475,2.375,5.375,0.5375,2.25,3.125,0.8925,2.0,4.5,6.625,2.875,1.5,0.5,2.0,3.75,2011,F,"6-8","212",KK Vojvodina Novi Sad,Bajina Basta,"2017 NBA Draft, Undrafted",Serbia,Serbian KLS
2021,F,24,Nenad Sulovic,DYNA,18.0,24.125,10.25,3.5,5.5,0.79125,0.125,0.25,0.3125,3.25,4.25,0.9275,1.625,4.0,5.625,3.375,1.0,0.375,2.0,4.625,2011,F,"6-8","253",KK Dynamic,Belgrade,"2007 NBA Draft, Undrafted",Serbia,Serbian KLS
2022,F,29,Nenad Sulovic,DYNA,32.0,25.25,8.375,3.125,5.375,0.72625,0.25,0.375,0.56875,2.0,2.75,0.92875,2.375,3.125,5.5,3.625,0.875,0.375,1.875,3.625,2011,F,"6-8","253",KK Dynamic,Belgrade,"2007 NBA Draft, Undrafted",Serbia,Serbian KLS
2023,F,33,Nenad Sulovic,DYNA,27.0,23.5,6.0,2.5,4.75,0.64375,0.125,0.5,0.3125,1.0,2.0,0.625,1.875,2.875,4.75,3.375,0.75,0.25,1.875,3.5,2011,F,"6-8","253",KK Dynamic,Belgrade,"2007 NBA Draft, Undrafted",Serbia,Serbian KLS
2021,F,28,Aleksa Ilic,SLOB,28.0,18.625,8.375,3.5,6.625,0.655,0.5,1.25,0.5175,1.0,1.625,0.75,0.75,2.25,3.0,1.0,0.5,0.625,1.0,1.875,2011,F,"6-8","188",KK Mladost Admiral Zemun,Niksic,"2022 NBA Draft, Undrafted",MontenegroSerbia,Serbian KLS
2022,F,5,Aleksa Ilic,SLOB,32.0,35.875,20.25,7.75,14.375,0.67625,1.875,4.375,0.52875,2.875,3.375,1.06125,1.875,4.0,5.875,1.25,0.875,1.25,1.875,3.25,2011,F,"6-8","188",KK Mladost Admiral Zemun,Niksic,"2022 NBA Draft, Undrafted",MontenegroSerbia,Serbian KLS
2023,F,4,Aleksa Ilic,SLOB,30.0,37.5,17.5,6.75,12.625,0.66875,1.625,4.375,0.4475,2.375,3.0,0.99375,1.875,4.875,6.75,1.625,0.75,0.5,2.0,2.5,2011,F,"6-8","188",KK Mladost Admiral Zemun,Niksic,"2022 NBA Draft, Undrafted",MontenegroSerbia,Serbian KLS
2021,F,41,Petar Kovacevic,BEO,27.0,16.625,5.625,2.25,3.875,0.72875,0.375,1.0,0.3975,0.75,1.125,0.92375,1.125,3.375,4.5,0.875,0.5,0.0,0.75,2.125,2011,F,"6-8",-,KK Mega Bemax,Belgrade,"2024 NBA Draft Eligible",Serbia,Serbian KLS
2022,F,3,Petar Kovacevic,BEO,29.0,38.375,22.75,8.625,16.375,0.66125,0.75,3.75,0.24375,4.75,7.0,0.85375,3.125,7.125,10.25,3.0,1.625,0.25,2.75,3.125,2011,F,"6-8",-,KK Mega Bemax,Belgrade,"2024 NBA Draft Eligible",Serbia,Serbian KLS
2021,F,45,Stevan Jovanovic,RADN,19.0,7.375,2.75,1.125,1.75,0.7875,0.125,0.125,1.25,0.375,0.75,0.52125,1.125,1.375,2.5,0.125,0.25,0.125,1.0,1.875,2011,F,"6-6",-,KK Vrsac Swisslion,"","2023 NBA Draft, Undrafted",Serbia,Serbian KLS
2022,F,38,Stevan Jovanovic,ZDRA,27.0,18.25,5.625,2.375,4.125,0.70875,0.0,0.375,0.0,0.875,1.875,0.59375,2.125,2.875,5.0,0.5,0.25,0.125,1.625,3.375,2011,F,"6-6",-,KK Vrsac Swisslion,"","2023 NBA Draft, Undrafted",Serbia,Serbian KLS
2023,G,21,Stevan Jovanovic,ZDRA,30.0,29.375,11.25,4.625,7.5,0.76375,0.125,1.0,0.15625,2.0,4.25,0.58875,3.25,4.75,8.125,1.25,1.0,0.125,1.625,3.875,2011,F,"6-6",-,KK Vrsac Swisslion,"","2023 NBA Draft, Undrafted",Serbia,Serbian KLS
2021,F,47,Bogdan Savic,SLO,11.0,5.0,1.25,0.5,0.75,0.71375,0.0,0.25,0.0,0.375,0.5,0.9375,0.125,0.625,0.625,0.25,0.125,0.0,0.5,1.0,2011,FC,"6-8",-,KK Sloga,"","2024 NBA Draft Eligible",Serbia,Serbian KLS
2023,F,38,Bogdan Savic,SLO,23.0,14.875,5.375,1.625,3.25,0.615,0.25,1.25,0.27125,2.0,2.375,1.05125,0.875,2.125,3.0,0.875,0.25,0.0,0.625,2.375,2011,FC,"6-8",-,KK Sloga,"","2024 NBA Draft Eligible",Serbia,Serbian KLS
2021,C,7,Slaven Cupkovic,SLO,26.0,40.25,19.625,6.375,13.5,0.59,3.25,8.25,0.4875,3.625,4.625,0.99,1.0,5.25,6.25,3.375,0.75,0.0,3.125,3.5,2011,F,"6-9","231",KK Tamis,Mostar,"2010 NBA Draft, Undrafted",Bosnia and HerzegovinaSerbia,Serbian KLS
2021,C,8,Mladen Pantic,PIRO,25.0,31.0,18.125,7.125,11.625,0.76125,0.0,0.25,0.25,3.875,5.25,0.925,1.875,5.0,6.875,2.625,0.5,0.5,3.375,4.0,2011,C,"6-11","265",KK Cacak 94,Belgrade,"2004 NBA Draft, Undrafted",Serbia,Serbian KLS
2023,C,10,Mladen Pantic,C94,28.0,32.0,15.125,6.0,10.125,0.74375,0.0,0.125,0.41625,3.0,4.75,0.7975,1.875,5.5,7.375,1.625,0.625,0.125,2.375,3.0,2011,C,"6-11","265",KK Cacak 94,Belgrade,"2004 NBA Draft, Undrafted",Serbia,Serbian KLS
2021,C,23,Mihalo Musikic,BEO,17.0,24.75,10.5,3.875,8.375,0.57,1.0,2.375,0.4925,1.875,3.375,0.70625,1.875,3.875,5.75,1.75,0.5,0.25,2.625,2.125,2011,C,"7-0","220",KK Sloboda Uzice,Kraljevo,"2024 NBA Draft Eligible",Serbia,Serbian KLS
2022,C,7,Mihalo Musikic,BEO,22.0,41.125,18.125,6.875,12.875,0.67125,1.125,3.5,0.3825,3.125,5.25,0.7475,2.75,5.625,8.375,3.25,0.875,1.375,1.75,2.625,2011,C,"7-0","220",KK Sloboda Uzice,Kraljevo,"2024 NBA Draft Eligible",Serbia,Serbian KLS
2021,C,32,Lazar Joksimovic,ZLAT,23.0,15.125,5.25,2.125,3.875,0.66,0.0,0.25,0.3125,1.125,1.75,0.78125,1.75,1.875,3.75,0.375,0.875,0.125,0.875,2.375,2011,C,"6-8","220",KK Dynamic,Cajetina,"2024 NBA Draft Eligible",Serbia,Serbian KLS
2022,C,27,Lazar Joksimovic,ZLAT,19.0,22.125,8.5,3.125,5.875,0.66625,0.0,0.5,0.0,2.25,3.375,0.83375,2.875,2.5,5.375,1.0,0.875,0.125,1.625,3.25,2011,C,"6-8","220",KK Dynamic,Cajetina,"2024 NBA Draft Eligible",Serbia,Serbian KLS
2023,C,25,Lazar Joksimovic,ZLAT,32.0,20.375,7.875,2.75,5.625,0.62125,0.125,0.375,0.41625,2.25,3.5,0.79625,2.75,4.125,6.875,1.0,0.875,0.125,1.5,2.625,2011,C,"6-8","220",KK Dynamic,Cajetina,"2024 NBA Draft Eligible",Serbia,Serbian KLS
2022,G,2,Stefan Miljenovic,SLOD,13.0,38.875,22.375,6.5,13.5,0.59375,1.875,5.125,0.47125,7.625,9.625,0.9875,1.75,4.75,6.5,5.5,2.625,0.0,3.125,3.5,2011,G,"6-3","190",KK Mega Bemax,Niagara Falls,"2022 NBA Draft, Undrafted",Canada,Serbian KLS
2023,G,4,Stefan Miljenovic,BEO,36.0,38.0,22.5,6.5,14.75,0.54875,2.875,7.375,0.47875,6.75,8.625,0.97625,1.0,4.625,5.625,5.0,2.125,0.125,2.625,3.5,2011,G,"6-3","190",KK Mega Bemax,Niagara Falls,"2022 NBA Draft, Undrafted",Canada,Serbian KLS
2022,G,18,Stevan Karapandzic,SLO,32.0,27.125,11.875,3.75,7.625,0.625,1.0,3.125,0.41625,3.25,4.125,0.98125,0.5,2.625,3.125,4.0,0.625,0.0,2.5,2.125,2011,G,"6-3","180",OKK Novi Pazar,Kraljevo,"2023 NBA Draft, Undrafted",Serbia,Serbian KLS
2022,G,19,Mihailo Petrovic,DUN,18.0,24.5,11.625,4.5,10.5,0.5375,1.0,3.5,0.35,1.625,3.125,0.66625,0.875,2.125,2.875,3.875,0.75,0.125,2.125,1.0,2011,G,"6-3",-,OKK Beograd,"","2025 NBA Draft Eligible",Serbia,Serbian KLS
2022,G,38,Stefan Stefanovic,DYNA,20.0,9.875,2.25,0.75,1.75,0.50875,0.25,0.625,0.555,0.625,0.875,0.865,0.125,1.0,1.125,2.125,0.875,0.0,0.875,2.0,2011,G,"6-4",-,KK Vrsac Swisslion,"","2012 NBA Draft, Undrafted",Serbia,Serbian KLS
2023,G,34,Stefan Stefanovic,DYNA,29.0,20.0,4.5,1.625,4.25,0.4625,0.625,2.25,0.34375,0.75,1.0,0.90875,0.75,1.375,2.25,3.25,1.125,0.0,1.625,2.875,2011,G,"6-4",-,KK Vrsac Swisslion,"","2012 NBA Draft, Undrafted",Serbia,Serbian KLS
2022,G,39,Nemanja Jankovic,MET,14.0,7.625,2.0,0.75,2.375,0.385,0.5,1.5,0.3675,0.125,0.125,0.625,0.125,0.75,0.75,0.5,0.125,0.0,0.5,0.875,2011,G,"5-10","161",KK Metalac Valjevo,"","2024 NBA Draft Eligible",Serbia,Serbian KLS
2023,G,40,Nemanja Jankovic,MET,30.0,10.0,1.25,0.375,2.625,0.19875,0.25,1.625,0.165,0.125,0.375,0.625,0.375,0.625,1.0,0.5,0.25,0.0,0.75,1.875,2011,G,"5-10","161",KK Metalac Valjevo,"","2024 NBA Draft Eligible",Serbia,Serbian KLS
2022,G,40,Mihailo Milutinovic,BEO,14.0,7.0,1.5,0.5,1.625,0.3475,0.25,1.125,0.3125,0.375,0.5,1.0,0.25,0.5,0.75,0.25,0.5,0.125,0.375,1.75,2011,G,"6-2",-,KK Mega Bemax,"","2025 NBA Draft Eligible",Serbia,Serbian KLS
2023,G,41,Mihailo Milutinovic,BEO,17.0,3.5,1.0,0.5,1.125,0.46875,0.125,0.5,0.17875,0.0,0.0,0.0,0.125,0.25,0.25,0.25,0.125,0.0,0.25,0.5,2011,G,"6-2",-,KK Mega Bemax,"","2025 NBA Draft Eligible",Serbia,Serbian KLS
2022,G,42,Aleksandar Teofilovic,MET,15.0,7.375,1.375,0.5,2.125,0.3,0.25,1.625,0.1975,0.125,0.125,1.25,0.25,0.375,0.625,0.25,0.375,0.0,0.375,1.0,2011,G,"5-11","174",KK Metalac Valjevo,"","2022 NBA Draft, Undrafted",Serbia,Serbian KLS
2023,G,38,Aleksandar Teofilovic,MET,16.0,4.125,1.375,0.5,1.875,0.365,0.25,1.5,0.1975,0.0,0.0,0.0,0.0,0.25,0.25,0.125,0.125,0.0,0.125,0.25,2011,G,"5-11","174",KK Metalac Valjevo,"","2022 NBA Draft, Undrafted",Serbia,Serbian KLS
2022,G,3,Nemanja Nikolic,PAZ,20.0,41.25,22.25,7.25,14.5,0.6225,2.125,6.375,0.40875,5.75,7.375,0.9825,0.125,5.25,5.375,8.5,1.625,0.5,4.125,3.75,2011,F,"6-5","198",OKK Novi Pazar,Banja Luka,"2020 NBA Draft, Undrafted",Bosnia and HerzegovinaSerbia,Serbian KLS
2023,C,18,Nemanja Nikolic,SLOB,11.0,28.5,11.5,3.625,8.0,0.57125,0.625,2.375,0.3575,3.5,4.125,1.07625,0.625,4.0,4.5,4.5,1.5,0.0,3.5,2.625,2011,F,"6-5","198",OKK Novi Pazar,Banja Luka,"2020 NBA Draft, Undrafted",Bosnia and HerzegovinaSerbia,Serbian KLS
2022,G,14,Marko Derasimovic,RADN,27.0,32.25,13.625,4.25,9.0,0.59625,1.375,3.75,0.47875,3.5,4.0,1.105,0.75,3.75,4.375,1.875,1.25,0.125,2.0,2.375,2011,G,"6-4","205",Radnicki 1950 Kragujevac,Kragujevac,"2006 NBA Draft, Undrafted",Serbia,Serbian KLS
2022,G,20,Uros Paunovic,DYNA,28.0,24.0,11.0,4.125,8.625,0.58625,1.125,3.125,0.42875,1.75,2.625,0.8475,0.75,1.625,2.5,3.5,1.25,0.125,1.625,2.875,2011,G,"6-3",-,KK Dynamic,"","2025 NBA Draft Eligible",Serbia,Serbian KLS
2022,G,22,Matija Novkovic,PAZ,20.0,28.625,10.875,3.625,7.875,0.575,1.0,2.375,0.49375,2.625,3.75,0.89,0.25,2.875,3.0,2.75,0.625,0.125,2.5,3.625,2011,G,"6-4",-,KK Metalac Valjevo,Belgrade,"2022 NBA Draft, Undrafted",Serbia,Serbian KLS
2022,G,34,Branislav Terzic,TAM,26.0,25.0,8.125,2.875,5.125,0.68875,0.5,1.125,0.54375,1.875,2.125,1.13625,2.0,3.25,5.25,1.125,1.5,0.375,1.375,4.0,2011,F,"6-5","185",KK Tamis,Belgrade,"2021 NBA Draft, Undrafted",Serbia,Serbian KLS
2023,F,12,Branislav Terzic,TAM,22.0,32.625,13.375,4.5,7.875,0.71,0.75,1.875,0.4775,3.75,4.125,1.1125,1.875,6.875,8.75,1.5,0.875,0.375,1.75,4.0,2011,F,"6-5","185",KK Tamis,Belgrade,"2021 NBA Draft, Undrafted",Serbia,Serbian KLS
2022,G,48,Danilo Labovic,BEO,28.0,13.75,3.125,1.125,2.625,0.54125,0.25,1.0,0.3575,0.5,0.875,0.79,0.375,1.0,1.25,1.875,0.5,0.0,1.0,2.25,2011,G,"6-3",-,Radnicki 1950 Kragujevac,"","2025 NBA Draft Eligible",Serbia,Serbian KLS
2023,G,36,Danilo Labovic,BEO,26.0,11.5,3.25,1.25,3.125,0.47375,0.5,1.875,0.32875,0.375,0.375,1.09375,0.375,1.0,1.25,0.75,0.25,0.0,0.75,2.625,2011,G,"6-3",-,Radnicki 1950 Kragujevac,"","2025 NBA Draft Eligible",Serbia,Serbian KLS
2022,F,8,Stefan Matovic,SLO,31.0,33.0,16.0,5.75,12.5,0.57875,0.625,3.375,0.25,3.875,5.625,0.8425,2.0,7.5,9.5,4.25,1.0,1.0,3.0,4.125,2011,F,"6-7","187",KK Sloga,Kraljevo,"2013 NBA Draft, Undrafted",Serbia,Serbian KLS
2023,F,7,Stefan Matovic,SLO,16.0,29.25,15.625,4.875,10.25,0.60125,1.0,3.5,0.34125,4.875,7.125,0.85125,1.625,6.0,7.625,2.75,0.75,0.375,2.875,3.125,2011,F,"6-7","187",KK Sloga,Kraljevo,"2013 NBA Draft, Undrafted",Serbia,Serbian KLS
2022,F,11,Milic Blagojevic,KKKO,18.0,31.5,14.625,5.125,10.5,0.60875,0.5,2.875,0.21375,3.875,6.125,0.795,1.125,5.125,6.125,2.875,1.125,0.625,2.125,4.0,2011,F,"6-5","194",Radnicki 1950 Kragujevac,Kragujevac,"2013 NBA Draft, Undrafted",Serbia,Serbian KLS
2022,F,17,Djorde Bozic,SLOB,32.0,34.375,13.125,4.0,9.375,0.52875,2.0,5.5,0.4575,3.125,4.375,0.9125,1.0,3.625,4.75,2.25,1.0,0.5,1.75,3.875,2011,F,"6-5",-,KK Sloboda Uzice,Uzice,"2023 NBA Draft, Undrafted",Serbia,Serbian KLS
2023,F,18,Djorde Bozic,SLOB,30.0,28.625,10.125,2.875,7.125,0.51125,1.25,4.0,0.3775,3.0,3.75,1.025,1.125,2.625,3.75,0.875,1.0,0.125,1.25,3.75,2011,F,"6-5",-,KK Sloboda Uzice,Uzice,"2023 NBA Draft, Undrafted",Serbia,Serbian KLS
2022,F,18,Ziga Jurcek,SWIS,29.0,30.5,13.0,4.5,10.875,0.50875,1.875,6.0,0.39625,2.25,3.0,0.92875,0.875,3.125,4.0,3.0,1.75,0.125,2.75,3.25,2011,F,"6-4","192",KK Vrsac Swisslion,Ljubljana,"2020 NBA Draft, Undrafted",Slovenia,Serbian KLS
2023,F,9,Ziga Jurcek,SWIS,28.0,28.875,14.25,4.875,11.625,0.5225,2.875,7.75,0.47,1.625,2.625,0.7975,1.0,2.625,3.625,3.0,1.125,0.0,1.625,2.75,2011,F,"6-4","192",KK Vrsac Swisslion,Ljubljana,"2020 NBA Draft, Undrafted",Slovenia,Serbian KLS
2022,F,29,Nikola Pavic,MET,22.0,21.5,8.125,2.625,6.0,0.56,0.625,2.5,0.34875,2.0,3.75,0.68125,1.875,2.625,4.5,0.875,0.625,0.375,1.25,3.25,2011,F,"6-6","176",KK Sloga,Belgrade,"2021 NBA Draft, Undrafted",Serbia,Serbian KLS
2022,F,38,Uros Banjac,NOV,29.0,14.125,5.125,2.0,4.25,0.58125,0.75,2.5,0.35125,0.5,0.875,0.79,0.75,1.5,2.25,0.5,0.75,0.125,0.375,2.25,2011,GF,"6-5",-,KK Vojvodina Novi Sad,"","2023 NBA Draft, Undrafted",Serbia,Serbian KLS
2023,F,17,Uros Banjac,NOV,31.0,34.0,11.125,4.0,8.0,0.62125,1.125,3.125,0.4275,2.125,3.0,0.895,1.5,3.5,5.0,1.625,1.375,0.0,1.375,2.75,2011,GF,"6-5",-,KK Vojvodina Novi Sad,"","2023 NBA Draft, Undrafted",Serbia,Serbian KLS
2022,F,39,Duro Dautovic,RADN,20.0,12.875,3.875,1.625,3.375,0.57875,0.375,1.5,0.32625,0.375,0.5,0.9375,0.875,1.0,1.875,1.25,0.5,0.25,0.625,2.125,2011,F,"6-5",-,Radnicki 1950 Kragujevac,"","2023 NBA Draft, Undrafted",Serbia,Serbian KLS
2022,F,40,Petar Bogicevic,SLOB,11.0,14.0,3.875,1.25,3.0,0.52875,0.375,1.0,0.41625,1.0,1.625,0.80375,0.5,0.75,1.25,3.125,0.375,0.0,1.75,2.125,2011,F,"6-4",-,KK Sloboda Uzice,"","2024 NBA Draft Eligible",Serbia,Serbian KLS
2023,G,24,Petar Bogicevic,SLOB,30.0,24.0,8.625,3.375,6.5,0.645,0.75,2.125,0.475,1.125,1.75,0.81375,0.5,1.5,2.0,3.875,1.125,0.0,2.875,2.75,2011,F,"6-4",-,KK Sloboda Uzice,"","2024 NBA Draft Eligible",Serbia,Serbian KLS
2022,F,41,Nikola Saranovic,FMP,2.0,27.75,3.75,1.25,3.75,0.41625,0.0,1.25,0.0,1.25,1.25,1.25,1.25,1.875,3.125,3.75,0.0,0.0,3.75,3.75,2011,F,"6-7","190",FMP Beograd,Belgrade,"2025 NBA Draft Eligible",Serbia,Serbian KLS
2023,G,40,Nikola Saranovic,FMP,10.0,31.125,6.5,2.25,5.625,0.5,0.625,2.875,0.27125,1.375,2.0,0.86,0.375,3.375,3.75,3.5,1.5,0.125,2.25,3.125,2011,F,"6-7","190",FMP Beograd,Belgrade,"2025 NBA Draft Eligible",Serbia,Serbian KLS
2022,F,44,Luka Aksentijevic,SLOB,26.0,12.75,1.875,0.75,2.125,0.42625,0.125,0.875,0.20875,0.375,0.375,1.09375,0.625,1.625,2.25,1.375,0.875,0.0,0.75,1.875,2011,GF,"6-5",-,KK Sloboda Uzice,"","2024 NBA Draft Eligible",Serbia,Serbian KLS
2023,G,45,Luka Aksentijevic,SLOB,30.0,22.0,4.0,1.5,3.75,0.505,0.375,1.75,0.29125,0.625,0.75,0.92125,0.75,2.875,3.625,2.25,1.75,0.375,1.25,3.0,2011,GF,"6-5",-,KK Sloboda Uzice,"","2024 NBA Draft Eligible",Serbia,Serbian KLS
2022,F,1,Andrija Bojic,ZEM,32.0,34.625,25.5,9.75,17.5,0.69875,0.625,2.25,0.335,5.375,7.75,0.8825,3.25,4.75,8.0,1.0,0.5,1.625,1.75,2.875,2011,F,"6-8","194",KK Spartak Subotica,Belgrade,"2015 NBA Draft, Undrafted",Serbia,Serbian KLS
2023,F,5,Andrija Bojic,SPAR,25.0,26.625,18.25,7.0,11.375,0.77125,0.125,0.625,0.3125,4.125,5.625,0.9075,2.375,3.375,5.75,1.25,0.125,1.25,1.125,2.5,2011,F,"6-8","194",KK Spartak Subotica,Belgrade,"2015 NBA Draft, Undrafted",Serbia,Serbian KLS
2022,F,12,Danilo Tasic,FMP,2.0,32.0,15.625,4.375,11.25,0.48625,0.625,3.125,0.25,6.25,8.125,0.96125,1.875,6.25,8.125,3.75,1.25,0.0,3.125,2.5,2011,F,"6-10","231",KK Borac Cacak,Nis,"2015 NBA Draft, Undrafted",Serbia,Serbian KLS
2022,F,33,Dragomir Jovic,ZDRA,24.0,21.875,7.875,3.375,7.0,0.60125,0.375,1.375,0.28875,0.875,1.625,0.625,0.625,2.875,3.5,1.875,1.0,0.125,1.75,2.25,2011,G,"6-3",-,KK Zdravlje Leskovac,"","2016 NBA Draft, Undrafted",Serbia,Serbian KLS
2022,F,37,Marko Vukcevic,DUN,27.0,22.0,6.0,2.125,5.75,0.47,0.875,3.0,0.34625,0.875,1.125,0.9,0.75,1.75,2.5,1.0,0.5,0.375,1.125,2.0,2011,F,"6-8",-,OKK Beograd,"","2025 NBA Draft Eligible",Serbia,Serbian KLS
2023,F,37,Marko Vukcevic,BEO,29.0,19.25,5.5,1.875,4.75,0.48875,0.75,2.625,0.34875,1.125,1.5,0.95625,1.125,1.375,2.5,1.0,0.375,0.375,0.5,2.125,2011,F,"6-8",-,OKK Beograd,"","2025 NBA Draft Eligible",Serbia,Serbian KLS
2022,F,39,Petar Zivojinovic,ZEM,27.0,15.875,5.5,2.375,4.25,0.68625,0.25,1.125,0.25,0.625,1.125,0.72875,1.125,2.875,3.875,1.125,0.625,0.5,0.75,2.0,2011,F,"6-7",-,KK Mladost Admiral Zemun,"","2024 NBA Draft Eligible",Serbia,Serbian KLS
2023,F,22,Petar Zivojinovic,ZEM,27.0,28.875,11.375,4.375,9.5,0.57875,0.75,2.875,0.34875,1.75,2.75,0.805,0.875,4.0,4.875,1.5,0.875,0.875,2.25,2.625,2011,F,"6-7",-,KK Mladost Admiral Zemun,"","2024 NBA Draft Eligible",Serbia,Serbian KLS
2022,F,49,Vuk Dobrasinovic,DUN,10.0,7.375,1.375,0.375,1.375,0.34125,0.125,0.5,0.3125,0.5,0.875,0.71375,0.125,0.5,0.625,0.25,0.25,0.0,0.375,0.625,2011,G,"6-8","200",Radnicki 1950 Kragujevac,Belgrade,"2024 NBA Draft Eligible",Serbia,Serbian KLS
2023,G,42,Vuk Dobrasinovic,ZEM,25.0,21.375,5.75,2.125,4.5,0.59,0.375,1.25,0.33625,1.25,2.0,0.80125,1.0,2.25,3.25,1.0,0.625,0.375,1.125,2.25,2011,G,"6-8","200",Radnicki 1950 Kragujevac,Belgrade,"2024 NBA Draft Eligible",Serbia,Serbian KLS
2022,C,15,Lazar Lugic,TAM,23.0,29.625,12.875,4.5,11.0,0.51375,1.25,4.375,0.355,2.625,4.125,0.79,1.25,5.375,6.75,2.25,0.875,0.5,2.125,4.25,2011,C,"6-10","220",KK Joker Sombor,"","2020 NBA Draft, Undrafted",Serbia,Serbian KLS
2023,C,13,Lazar Lugic,TAM,29.0,33.125,13.75,4.75,10.125,0.5825,1.75,4.875,0.4575,2.625,3.75,0.87625,1.0,4.875,5.875,2.375,1.25,0.25,2.625,3.5,2011,C,"6-10","220",KK Joker Sombor,"","2020 NBA Draft, Undrafted",Serbia,Serbian KLS
2022,C,18,Vasilije Vucetic,NOV,26.0,21.625,10.25,3.75,7.75,0.6175,0.625,2.375,0.3575,2.0,2.875,0.875,1.75,2.625,4.375,0.875,0.625,0.625,1.25,3.25,2011,C,"6-10","235",KK Vojvodina Novi Sad,Vrbas,"2018 NBA Draft, Undrafted",Serbia,Serbian KLS
2022,C,19,Vojin Medarevic,DYNA,30.0,26.375,9.875,3.625,7.875,0.56875,1.25,3.5,0.44625,1.5,1.75,1.04625,2.375,5.375,7.75,1.25,0.75,0.625,1.375,3.75,2011,C,"6-9",-,KK Spartak Subotica,"","2024 NBA Draft Eligible",Serbia,Serbian KLS
2023,C,7,Vojin Medarevic,DYNA,30.0,31.625,16.125,5.875,10.625,0.68875,2.0,4.625,0.53625,2.375,3.125,0.95375,3.125,6.25,9.375,1.375,0.875,0.375,1.875,3.375,2011,C,"6-9",-,KK Spartak Subotica,"","2024 NBA Draft Eligible",Serbia,Serbian KLS
2022,C,21,Stefan Andrejevic,KKKO,20.0,19.375,9.875,3.875,6.75,0.72375,0.0,0.0,0.0,2.125,3.5,0.75,1.25,2.375,3.5,1.25,0.375,0.375,1.75,3.25,2011,C,"6-9","210",OKK Novi Pazar,Pristina,"2015 NBA Draft, Undrafted",Serbia,Serbian KLS
2022,C,23,Ognen Kuzmic,ZVE,5.0,16.75,9.5,4.25,6.5,0.8175,0.0,0.0,0.0,1.0,1.75,0.71375,3.0,1.75,4.75,0.5,0.25,0.25,1.5,2.0,2011,C,"7-1","251",FMP Beograd,Doboj,"2012 Rnd 2 Pick 22",Bosnia and HerzegovinaSerbia,Serbian KLS
2022,C,24,Aleksa Kojadinovic,KKKO,30.0,24.0,9.5,3.875,5.5,0.87125,0.0,0.25,0.20875,1.75,2.5,0.875,1.375,2.125,3.5,1.375,0.625,0.5,1.5,4.375,2011,C,"6-9",-,KK Tamis,"","2020 NBA Draft, Undrafted",Serbia,Serbian KLS
2023,C,28,Aleksa Kojadinovic,TAM,27.0,23.125,7.0,2.5,4.875,0.64875,0.0,0.375,0.17875,1.75,2.75,0.8125,1.75,1.75,3.625,1.0,0.375,0.25,2.125,3.625,2011,C,"6-9",-,KK Tamis,"","2020 NBA Draft, Undrafted",Serbia,Serbian KLS
2022,C,25,Dusan Stojicic,KKKO,22.0,19.0,9.125,3.625,5.75,0.78,0.25,0.75,0.48125,1.625,2.375,0.88375,1.875,3.125,5.0,1.0,0.625,0.125,1.625,3.75,2011,FC,"6-9",-,Zlatibor Cajetina,Novi Sad,"2023 NBA Draft, Undrafted",Serbia,Serbian KLS
2023,C,4,Dusan Stojicic,KKKO,30.0,33.875,16.375,6.25,10.875,0.71375,0.875,2.875,0.38625,3.125,4.875,0.795,2.5,6.375,8.875,1.375,0.625,0.875,2.375,3.0,2011,FC,"6-9",-,Zlatibor Cajetina,Novi Sad,"2023 NBA Draft, Undrafted",Serbia,Serbian KLS
2022,C,34,Cedomir Matic,SLOB,26.0,12.5,4.0,1.625,3.25,0.61625,0.375,1.0,0.41625,0.375,0.875,0.625,0.875,1.75,2.5,1.0,0.25,0.0,0.75,1.875,2011,FC,"6-9",-,KK Mladost Admiral Zemun,"","2025 NBA Draft Eligible",Serbia,Serbian KLS
2023,C,32,Cedomir Matic,SLOB,30.0,15.875,4.5,1.5,3.875,0.47875,0.25,1.0,0.35,1.25,1.75,0.8925,1.0,2.125,3.0,1.125,0.25,0.25,1.25,2.25,2011,FC,"6-9",-,KK Mladost Admiral Zemun,"","2025 NBA Draft Eligible",Serbia,Serbian KLS
2023,G,2,Nikola Topic,BEO,19.0,37.875,22.25,8.0,14.5,0.69,2.0,5.5,0.46625,4.25,4.875,1.06625,1.0,3.625,4.75,6.625,1.875,0.0,4.0,3.5,2011,G,"6-6","200",KK Mega Bemax,Novi Sad,"2027 NBA Draft Eligible",Serbia,Serbian KLS
2023,G,17,Trey Pulliam,C94,22.0,32.25,13.625,5.5,11.875,0.57375,0.625,3.0,0.2825,2.0,2.75,0.9375,0.375,3.125,3.625,5.0,1.5,0.125,2.875,4.0,2011,GF,"6-3","180",KK Cacak 94,Bryan (TX),"2022 NBA Draft, Undrafted",United States,Serbian KLS
2023,G,22,Radenko Pilcevic,C94,17.0,30.0,11.125,3.5,9.875,0.43875,2.0,6.875,0.37625,2.125,2.5,1.06625,0.375,3.5,3.875,4.25,1.75,0.0,2.25,3.25,2011,G,"6-2","187",KK Cacak 94,Gornji Milanovac,"2008 NBA Draft, Undrafted",Serbia,Serbian KLS
2023,G,39,Milos Gavrilovic,ZDRA,16.0,6.25,1.25,0.375,1.5,0.32875,0.25,0.75,0.375,0.25,0.25,1.25,0.25,0.125,0.375,0.25,0.375,0.0,0.5,1.0,2011,GF,"6-4",-,KK Zdravlje Leskovac,"","2025 NBA Draft Eligible",Serbia,Serbian KLS
2023,G,42,Muhamed Salihovic,PAZ,11.0,3.5,0.625,0.25,0.875,0.3125,0.0,0.25,0.0,0.125,0.5,0.3125,0.25,0.5,0.625,0.625,0.0,0.0,0.75,0.625,2011,G,"6-0",-,OKK Novi Pazar,"","2026 NBA Draft Eligible",Serbia,Serbian KLS
2023,G,7,Terry Armstrong,ZEM,20.0,35.875,18.875,7.875,14.125,0.7,0.375,1.375,0.34125,2.75,5.125,0.67125,0.875,3.75,4.625,3.5,1.625,1.0,2.875,3.375,2011,G,"6-8","185",KK Metalac Valjevo,Flint (MI),"2020 NBA Draft, Undrafted",United States,Serbian KLS
2023,G,16,Nemanja Nedovic,ZVE,2.0,25.875,15.0,5.0,8.75,0.71375,1.875,3.75,0.625,3.125,3.125,1.25,0.625,1.25,1.875,3.75,1.25,0.0,1.875,3.125,2011,G,"6-3","192",KK Crvena Zvezda,Nova Varos,"2013 Rnd 1 Pick 30",Serbia,Serbian KLS
2023,G,25,Nikola Pesakovic,NOV,27.0,22.375,10.875,4.25,9.375,0.575,1.375,3.875,0.43625,0.875,1.625,0.71375,0.5,1.5,2.0,3.0,1.375,0.0,1.625,2.375,2011,G,"6-4","185",KK Cacak 94,Cacak,"2013 NBA Draft, Undrafted",Serbia,Serbian KLS
2023,G,37,Aleksa Jugovic,SPAR,29.0,17.875,6.875,2.25,5.625,0.49625,1.0,3.25,0.4,1.375,1.5,1.11125,0.25,1.25,1.5,2.375,0.875,0.0,0.875,1.25,2011,G,"6-3","185",KK Joker Sombor,Leskovac,"2018 NBA Draft, Undrafted",Serbia,Serbian KLS
2023,G,39,Aleksandar Ponjavic,ZLAT,34.0,26.0,6.875,2.375,6.375,0.47125,0.875,3.125,0.3425,1.125,1.75,0.81625,1.375,5.0,6.375,2.75,0.875,0.125,1.25,3.0,2011,GF,"6-4","190",KK Dynamic,Gornji Milanovac,"2013 NBA Draft, Undrafted",Serbia,Serbian KLS
2023,G,49,Marko Mihailovic,TAM,24.0,13.375,2.5,0.875,2.625,0.425,0.125,0.875,0.15625,0.625,1.0,0.72375,0.25,0.875,1.125,1.25,0.5,0.0,1.25,2.375,2011,G,"6-3",-,KK Tamis,"","2025 NBA Draft Eligible",Serbia,Serbian KLS
2023,G,52,Mihajlo Disic,SWIS,15.0,4.125,1.0,0.375,1.125,0.44625,0.125,0.625,0.3125,0.0,0.0,0.0,0.25,0.625,0.875,0.375,0.0,0.0,0.375,0.375,2011,G,"6-3",-,KK Vrsac Swisslion,"","2028 NBA Draft Eligible",Serbia,Serbian KLS
2023,F,1,Brano Dukanovic,ZLAT,32.0,36.25,20.625,7.0,14.625,0.59625,2.0,6.0,0.41125,4.75,5.375,1.08875,0.625,2.375,3.125,4.25,1.0,0.125,3.0,2.5,2011,F,"6-5","190",Zlatibor Cajetina,Belgrade,"2017 NBA Draft, Undrafted",Serbia,Serbian KLS
2023,F,14,Sava Lesic,BOR,3.0,28.625,12.875,5.375,11.625,0.58,0.0,2.125,0.0,2.125,5.875,0.44625,3.375,7.125,10.375,5.875,1.625,0.375,3.75,3.375,2011,F,"6-9","220",KK Metalac Valjevo,Knin,"2010 NBA Draft, Undrafted",CroatiaSerbia,Serbian KLS
2023,F,16,Aleksandar Sokolovic,SPAR,36.0,29.75,11.5,4.5,8.75,0.6375,1.625,3.875,0.5175,1.0,1.375,0.865,0.5,3.5,4.0,5.875,1.5,0.0,2.25,3.5,2011,GF,"6-5","192",KK Spartak Subotica,Subotica,"2015 NBA Draft, Undrafted",Serbia,Serbian KLS
2023,F,20,Timotej Malovec,BEO,34.0,28.25,9.375,3.625,7.75,0.58375,1.0,3.125,0.41125,1.125,1.75,0.7975,1.875,2.625,4.5,1.625,0.875,0.75,1.0,3.875,2011,G,"6-5","178",KK Mega Bemax,"","2026 NBA Draft Eligible",Slovakia,Serbian KLS
2023,F,25,Marjko Gutalj,PAZ,29.0,21.375,8.5,3.625,5.75,0.78375,0.25,0.75,0.46875,1.0,2.125,0.56125,2.25,3.25,5.5,1.0,0.375,0.25,1.25,3.5,2011,F,"6-7",-,OKK Novi Pazar,"","2022 NBA Draft, Undrafted",Slovenia,Serbian KLS
2023,F,31,Vuk Gugovic,C94,23.0,18.125,5.875,1.875,5.5,0.42875,0.75,3.5,0.25375,1.25,1.75,0.9375,0.75,1.625,2.375,0.875,0.75,0.0,0.625,2.625,2011,F,"6-6",-,KK Cacak 94,"","2020 NBA Draft, Undrafted",Serbia,Serbian KLS
2023,F,33,Asim Dulovic,BEO,24.0,13.625,5.125,1.875,4.375,0.5275,0.875,2.25,0.455,0.625,0.875,1.01625,0.625,1.0,1.625,0.5,0.75,0.125,0.75,1.5,2011,F,"6-6",-,KK Mega Bemax,"","2027 NBA Draft Eligible",Serbia,Serbian KLS
2023,F,35,Ognjen Matovic,FMP,10.0,18.125,4.625,1.875,4.0,0.58625,0.375,1.0,0.46875,0.5,0.625,1.0,0.5,1.375,1.875,1.375,0.625,0.125,1.5,3.0,2011,F,"6-3",-,FMP Beograd,"","2026 NBA Draft Eligible",Serbia,Serbian KLS
2023,F,38,Marko Krstic,TAM,16.0,8.375,2.25,0.875,1.75,0.625,0.375,1.125,0.3575,0.125,0.125,1.25,0.75,0.875,1.625,0.125,0.0,0.125,0.375,1.125,2011,F,"6-7",-,KK Tamis,"","2026 NBA Draft Eligible",Serbia,Serbian KLS
2023,F,40,Bosko Corbic,ZLAT,24.0,7.625,1.875,0.75,1.25,0.78125,0.0,0.125,0.0,0.25,0.375,0.8925,0.625,0.625,1.125,0.375,0.0,0.0,0.125,0.75,2011,GF,"6-5","210",Zlatibor Cajetina,Uzice,"2017 NBA Draft, Undrafted",Serbia,Serbian KLS
2023,F,42,Andrej Paunovic,BEO,10.0,1.5,0.0,0.0,0.0,0.0,0.0,0.0,0.0,0.0,0.0,0.0,0.0,0.0,0.0,0.0,0.125,0.0,0.125,0.25,2011,F,"6-5",-,OKK Beograd,"","2026 NBA Draft Eligible",Serbia,Serbian KLS
2023,F,8,Andrej Jelavic,BEO,36.0,39.375,16.5,6.375,14.75,0.545,2.0,6.5,0.38625,1.625,2.625,0.79375,2.625,9.125,11.75,2.75,1.5,1.25,2.375,2.125,2011,C,"6-10",-,KK Mega Bemax,"","2026 NBA Draft Eligible",Croatia,Serbian KLS
2023,F,21,Aleksandar Danilovic,SPAR,31.0,28.625,11.625,3.75,8.25,0.56375,1.5,5.0,0.38,2.625,3.375,0.94125,1.0,3.0,4.0,1.125,1.375,0.375,1.0,1.75,2011,F,"6-8",-,KK Cacak 94,"","2015 NBA Draft, Undrafted",SerbiaCanada,Serbian KLS
2023,F,23,Filip Duran,ZLAT,36.0,30.625,11.125,3.875,9.375,0.51375,2.875,7.625,0.47125,0.5,1.0,0.74125,1.0,3.75,4.75,2.0,1.25,0.0,0.75,3.125,2011,F,"6-4",-,KK Metalac Valjevo,Belgrade,"2013 NBA Draft, Undrafted",Serbia,Serbian KLS
2023,F,34,Stojan Dodic,SPAR,26.0,20.125,5.875,1.875,5.5,0.41625,0.875,3.25,0.34875,1.25,1.875,0.865,0.75,2.125,2.875,0.875,0.75,0.5,1.0,3.125,2011,F,"6-7",-,KK Cacak 94,"","2020 NBA Draft, Undrafted",Serbia,Serbian KLS
2023,F,46,Filip Stanojevic,NOV,21.0,8.5,1.25,0.5,1.375,0.46875,0.0,0.375,0.0,0.125,0.25,0.5,0.5,0.5,1.0,0.125,0.125,0.0,0.625,1.125,2011,F,"6-7",-,KK Vojvodina Novi Sad,"","2025 NBA Draft Eligible",Serbia,Serbian KLS
2023,F,47,Marko Zivkovic,BEO,13.0,2.75,0.625,0.25,0.25,0.83375,0.0,0.0,0.0,0.25,0.25,0.83375,0.0,0.5,0.5,0.25,0.125,0.0,0.25,0.375,2011,-,"6-7",-,OKK Beograd,"","2026 NBA Draft Eligible",Netherlands,Serbian KLS
2023,C,8,Marko Tejic,ZLAT,30.0,25.25,15.5,6.125,9.125,0.845,0.125,0.5,0.41625,3.0,5.125,0.73625,2.875,4.75,7.625,2.0,0.75,1.875,2.5,2.875,2011,F,"6-10","227",KK Spartak Subotica,Uzice,"2017 NBA Draft, Undrafted",Serbia,Serbian KLS
2023,C,11,Omar Pajic,KKKO,15.0,37.25,14.25,4.875,13.25,0.45625,1.75,5.875,0.375,2.875,3.875,0.92375,1.875,4.5,6.375,2.25,0.625,0.125,2.875,3.75,2011,C,"6-9",-,KK Tamis,Mostar,"2021 NBA Draft, Undrafted",Bosnia and Herzegovina,Serbian KLS
2023,C,16,Srdjan Krsmanovic,DUN,30.0,29.75,13.0,4.75,9.125,0.65125,0.0,0.125,0.0,3.5,4.375,0.97875,2.375,3.625,6.0,1.125,0.5,0.875,1.5,3.5,2011,C,"6-9",-,KK Sloga,Cacak,"2022 NBA Draft, Undrafted",Serbia,Serbian KLS
2023,C,19,Nikola Gasic,KKKO,30.0,24.375,10.0,3.375,5.875,0.7175,0.125,0.75,0.29375,3.125,4.625,0.8375,2.5,5.375,7.875,1.0,0.875,1.25,1.75,3.25,2011,C,"7-0",-,KK Cacak 94,"","2023 NBA Draft, Undrafted",Serbia,Serbian KLS
2023,C,24,Milos Stajcic,SLO,21.0,20.75,8.375,2.75,6.125,0.57625,0.875,2.125,0.53625,1.875,2.5,0.945,1.25,3.125,4.375,0.875,0.375,0.125,1.5,2.25,2011,FC,"6-10","240",KK Cacak 94,Belgrade,"2023 NBA Draft, Undrafted",Serbia,Serbian KLS
2023,C,27,Lazar Nekic,SLOB,24.0,15.875,7.5,3.125,5.75,0.6875,0.0,0.25,0.25,1.125,1.875,0.72875,1.25,2.25,3.5,0.5,0.375,0.5,1.5,2.25,2011,C,"7-0","232",OKK Beograd,Belgrade,"2022 NBA Draft, Undrafted",Serbia,Serbian KLS
2023,C,31,Aleksa Milenkovic,BEO,35.0,14.0,5.375,1.875,4.0,0.56375,0.375,0.875,0.45,1.5,2.5,0.72125,1.5,2.375,3.875,0.625,0.625,0.5,1.25,3.125,2011,C,"6-8",-,KK Mega Bemax,"","2026 NBA Draft Eligible",Serbia,Serbian KLS
2023,C,33,Filip Radakovic,ZEM,21.0,16.75,4.375,1.25,3.625,0.43,0.5,1.5,0.4,1.375,1.875,0.9275,0.5,1.625,2.25,1.0,0.5,0.0,0.875,1.625,2011,F,"6-7",-,OKK Beograd,"","2026 NBA Draft Eligible",Serbia,Serbian KLS
2023,C,34,Milan Pavlovic,PAZ,26.0,11.375,3.875,1.625,3.375,0.58125,0.0,0.25,0.0,0.625,1.125,0.72875,1.0,1.625,2.75,0.25,0.125,0.125,0.875,1.75,2011,C,"7-0",-,OKK Beograd,"","2020 NBA Draft, Undrafted",Serbia,Serbian KLS
2023,C,35,Filip Malesevic,DYNA,12.0,8.875,3.0,1.5,2.25,0.83375,0.0,0.25,0.0,0.125,0.125,1.25,1.5,2.25,3.75,0.25,0.25,0.375,0.375,1.25,2011,C,"7-2",-,KK Dynamic,"","2027 NBA Draft Eligible",Serbia,Serbian KLS
2023,C,40,Lazar Milosevic,ZLAT,11.0,3.5,0.5,0.25,0.75,0.3575,0.0,0.25,0.0,0.0,0.0,0.0,0.625,0.375,0.875,0.0,0.0,0.0,0.25,0.25,2011,C,"6-8",-,Zlatibor Cajetina,"","2026 NBA Draft Eligible",Serbia,Serbian KLS
