Year,Player,Pos,HT,WT,Team,Birth City,Draft Status,Nationality
2019,Bashir Ahmed,F,6-7,210,KK Zadar,New York (NY),"2018 NBA Draft, Undrafted",United States
2019,Byron Allen,C,6-7,275,KK Zadar,Leland (MS),"2006 NBA Draft, Undrafted",United States
2019,Andro Anzulovic,G,6-4,200,KK Zabok,Zagreb,"2013 NBA Draft, Undrafted",Croatia
2019,Roko Anzulovic,G,6-5,-,KK Hermes Znalitica,N/A,"2018 NBA Draft, Undrafted",Croatia
2019,Marko Atelj,GF,6-5,205,KK Sonik Puntamika,Zadar,"2013 NBA Draft, Undrafted",Croatia
2019,Petar Babic,G,6-2,196,KK Velika Gorica,Zagreb,"2007 NBA Draft, Undrafted",Croatia
2019,Roko Badzim,G,6-6,190,KK Cibona,Sibenik,"2019 NBA Draft, Undrafted",Croatia
2019,Darko Bajo,F,6-10,214,KK Split,Nova Bila,"2021 NBA Draft, Undrafted",CroatiaBosnia and Herzegovina
2019,Gracin Bakumanya,C,6-11,220,KK Vrijednosnice Osijek,Kinshasa,"2016 NBA Draft, Undrafted",Democratic Republic of the Congo
2019,Demian Balasko,F,6-6,-,KK Zabok,N/A,"2019 NBA Draft, Undrafted",Croatia
2019,Emilio Banic,F,6-6,-,KK Sonik Puntamika,Zadar,"2015 NBA Draft, Undrafted",Croatia
2019,Vito Barbarosa,G,6-0,-,KK Sonik Puntamika,N/A,"2022 NBA Draft, Undrafted",Croatia
2019,Josip Barnjak,GF,6-3,198,KK Skrljevo,Kaiserslautern,"2020 NBA Draft, Undrafted",GermanyCroatia
2019,Domagoj Basic,G,6-4,188,GKK Sibenk,Zagreb,"2008 NBA Draft, Undrafted",Croatia
2019,Ivan Basic,G,5-11,-,KK Sonik Puntamika,N/A,"2021 NBA Draft, Undrafted",Croatia
2019,Lovre Basic,G,6-3,181,KK Vrijednosnice Osijek,Zadar,"2017 NBA Draft, Undrafted",Croatia
2019,Ivan Batur,F,6-7,185,KK Skrljevo,Zadar,"2013 NBA Draft, Undrafted",Croatia
2019,Alen Benes,-,-,-,KK Vrijednosnice Osijek,N/A,"2020 NBA Draft, Undrafted",Croatia
2019,Dorian Benkovic,G,6-1,180,KK Skrljevo,Rijeka,2025 NBA Draft Eligible,Croatia
2019,Edi Besic,G,6-3,-,KK Skrljevo,N/A,"2022 NBA Draft, Undrafted",Croatia
2019,Josip Bilinovac,F,6-4,198,KK Cibona,Mostar,"2012 NBA Draft, Undrafted",Bosnia and HerzegovinaCroatia
2019,Filip Bjelanovic,G,6-5,-,KK Skrljevo,N/A,2024 NBA Draft Eligible,Croatia
2019,David Blazev,F,6-5,-,KK Hermes Znalitica,N/A,"2023 NBA Draft, Undrafted",Croatia
2019,Antonio Boban,F,6-9,-,KK Skrljevo,Rijeka,"2015 NBA Draft, Undrafted",Croatia
2019,Duje Brala,G,6-5,180,KK Zadar,Zadar,2025 NBA Draft Eligible,Croatia
2019,Danko Brankovic,C,7-1,208,KK Cibona,Zagreb,"2022 NBA Draft, Undrafted",Croatia
2019,Srdan Brocic,G,6-0,-,KK Alkar,N/A,"2021 NBA Draft, Undrafted",Croatia
2019,Mislav Brzoja,G,6-6,215,KK Velika Gorica,Zagreb,"2017 NBA Draft, Undrafted",Croatia
2019,Lovro Buljevic,C,6-11,212,KK Vrijednosnice Osijek,Zagreb,"2020 NBA Draft, Undrafted",Croatia
2019,Filip Bundovic,F,6-7,205,KK Cibona,Zagreb,"2016 NBA Draft, Undrafted",Croatia
2019,Josip Ceranja,F,6-8,-,KK Sonik Puntamika,N/A,"2012 NBA Draft, Undrafted",Croatia
2019,Stevie Clark,G,5-11,181,KK Hermes Znalitica,Oklahoma City (OK),"2018 NBA Draft, Undrafted",United States
2019,Eric Cobb,C,6-9,280,GKK Sibenk,Jacksonville (FL),"2019 NBA Draft, Undrafted",United States
2019,Andrija Coric,F,6-7,198,KK Vrijednosnice Osijek,Antwerp,"2017 NBA Draft, Undrafted",BelgiumCroatia
2019,Dario Corko,F,6-7,-,KK Hermes Znalitica,N/A,"2023 NBA Draft, Undrafted",Croatia
2019,Antonio Crnjevic,F,6-6,200,KK Zabok,Zabok,"2016 NBA Draft, Undrafted",Croatia
2019,Christen Cunningham,G,6-2,190,KK Split,Lexington (KY),"2019 NBA Draft, Undrafted",United States
2019,Zvonimir Cutuk,C,6-9,-,KK Zabok,N/A,"2016 NBA Draft, Undrafted",Croatia
2019,Luka Cvitanovic,G,6-4,-,KK Dubrava Zagreb,Zagreb,"2022 NBA Draft, Undrafted",Croatia
2019,Dario Cvitkovic,F,6-9,-,KK Skrljevo,N/A,"2020 NBA Draft, Undrafted",Croatia
2019,Tomislav Cvitkovic,F,6-9,-,KK Sonik Puntamika,Karlovac,"2020 NBA Draft, Undrafted",Croatia
2019,Maxwell Darling,C,6-6,220,KK Vrijednosnice Osijek,Nelson,"2022 NBA Draft, Undrafted",New Zealand
2019,Vladimir Dasic,F,6-8,236,GKK Sibenk,Podgorica,"2010 NBA Draft, Undrafted",Montenegro
2019,Vuk Dmitrovic,F,6-7,185,KK Vrijednosnice Osijek,Sombor,"2023 NBA Draft, Undrafted",Serbia
2019,Mark Dorris,G,6-2,175,KK Skrljevo,Cincinnati (OH),"2008 NBA Draft, Undrafted",United States
2019,Stanko Dukic,F,6-2,-,KK Alkar,N/A,"2018 NBA Draft, Undrafted",Croatia
2019,Roko Erslan,G,6-2,-,KK Zadar,Zadar,"2022 NBA Draft, Undrafted",Croatia
2019,Mario Fantina,G,6-3,195,KK Zadar,Sveti Filip i Jakov,2025 NBA Draft Eligible,Croatia
2019,James Farr,F,6-10,247,KK Zadar,Evanston (IL),"2016 NBA Draft, Undrafted",United States
2019,Franko Filipovic,F,6-8,-,KK Vrijednosnice Osijek,Rijeka,"2009 NBA Draft, Undrafted",Croatia
2019,Goran Filipovic,G,5-11,174,KK Cibona,Split,"2018 NBA Draft, Undrafted",Croatia
2019,Stefan Fundic,F,6-7,243,KK Zadar,Belgrade,"2016 NBA Draft, Undrafted",Serbia
2019,Tomislav Gabric,F,6-9,185,KK Split,Sibenik,"2017 NBA Draft, Undrafted",Croatia
2019,Roko Galic,F,6-6,-,KK Zabok,N/A,"2019 NBA Draft, Undrafted",Croatia
2019,Dario Gazic,F,6-7,-,KK Hermes Znalitica,N/A,"2013 NBA Draft, Undrafted",Croatia
2019,Shane Gibson,G,6-2,180,KK Cibona,Killingly (CT),"2013 NBA Draft, Undrafted",United States
2019,Dominic Gilbert,F,6-6,216,KK Zadar,Sydney,"2018 NBA Draft, Undrafted",Australia
2019,Roko Gizdavcic,G,6-3,-,KK Split,Split,"2023 NBA Draft, Undrafted",Croatia
2019,Marijano Glasnovic,G,6-1,-,KK Dubrava Zagreb,N/A,"2022 NBA Draft, Undrafted",Croatia
2019,Lovro Gnjidic,GF,6-6,190,KK Cibona,Zagreb,"2023 NBA Draft, Undrafted",Croatia
2019,Ante Gospic,F,6-8,235,KK Skrljevo,Zadar,"2013 NBA Draft, Undrafted",Croatia
2019,Josip Gulam,G,6-2,183,KK Dubrava Zagreb,Sibenik,"2017 NBA Draft, Undrafted",Croatia
2019,Ivan Gulin,GF,6-7,180,GKK Sibenk,N/A,"2023 NBA Draft, Undrafted",Croatia
2019,Chris Hortman,G,6-3,190,KK Dubrava Zagreb,Milwaukee (WI),"2013 NBA Draft, Undrafted",United States
2019,Ive Ivanov,F,6-6,194,KK Zadar,Zadar,"2007 NBA Draft, Undrafted",Croatia
2019,Tomislav Ivisic,F,7-0,230,GKK Sibenk,N/A,2025 NBA Draft Eligible,Croatia
2019,Zvonimir Ivisic,C,7-2,220,GKK Sibenk,N/A,2027 NBA Draft Eligible,Croatia
2019,Fran Jacovic,F,6-7,-,KK Alkar,N/A,"2021 NBA Draft, Undrafted",Croatia
2019,Patrik Jambrovic,F,6-8,205,KK Zabok,Cakovec,"2018 NBA Draft, Undrafted",Croatia
2019,Dorian Jelenek,F,6-6,210,KK Dubrava Zagreb,Zagreb,"2017 NBA Draft, Undrafted",Croatia
2019,Kresimir Jerkov,G,6-1,-,KK Sonik Puntamika,N/A,"2020 NBA Draft, Undrafted",Croatia
2019,Antonio Jordano,G,6-2,170,KK Vrijednosnice Osijek,Rijeka,"2021 NBA Draft, Undrafted",Croatia
2019,Andrej Jordanovski,G,6-0,-,KK Vrijednosnice Osijek,N/A,"2022 NBA Draft, Undrafted",North Macedonia
2019,Filip Josic,G,6-2,-,KK Sonik Puntamika,N/A,"2018 NBA Draft, Undrafted",Croatia
2019,Arian Jovanovic,G,6-2,-,KK Vrijednosnice Osijek,N/A,"2019 NBA Draft, Undrafted",Croatia
2019,Ante Jukic,F,6-8,209,KK Velika Gorica,Split,"2021 NBA Draft, Undrafted",Croatia
2019,Josip Jukic,C,6-10,222,KK Sonik Puntamika,Split,"2018 NBA Draft, Undrafted",Croatia
2019,Mirko Jukic,F,6-6,-,KK Alkar,N/A,2024 NBA Draft Eligible,Serbia
2019,Martin Junakovic,G,6-2,195,KK Zadar,Sibenik,"2016 NBA Draft, Undrafted",Croatia
2019,Borna Jurela,G,6-5,-,KK Alkar,N/A,"2022 NBA Draft, Undrafted",Croatia
2019,Ivan Jurela,GF,6-5,-,KK Alkar,N/A,"2022 NBA Draft, Undrafted",Croatia
2019,Marko Jurica,G,6-5,200,KK Sonik Puntamika,Zadar,"2018 NBA Draft, Undrafted",Croatia
2019,Eddi Jurjevic,F,6-8,-,KK Sonik Puntamika,N/A,"2015 NBA Draft, Undrafted",Croatia
2019,Valentin Jurkovic,C,6-10,220,GKK Sibenk,Metkovic,"2016 NBA Draft, Undrafted",Croatia
2019,Mate Kalajzic,G,6-2,174,KK Split,Split,"2020 NBA Draft, Undrafted",Croatia
2019,Franko Kalpic,G,6-6,196,KK Hermes Znalitica,Sibenik,"2019 NBA Draft, Undrafted",Croatia
2019,Borna Kapusta,G,6-0,-,KK Velika Gorica,Koprivnica,"2018 NBA Draft, Undrafted",Croatia
2019,Toni Katic,G,6-2,180,KK Cibona,Makarska,"2014 NBA Draft, Undrafted",Croatia
2019,Mateo Kedzo,F,6-9,251,KK Split,Split,"2006 NBA Draft, Undrafted",Croatia
2019,Akos Keller,F,6-9,230,KK Zadar,Szekesfehervar,"2011 NBA Draft, Undrafted",Hungary
2019,Sime Keserovic,F,6-6,-,KK Sonik Puntamika,N/A,"2023 NBA Draft, Undrafted",Croatia
2019,Antonio Klarin,G,6-1,-,GKK Sibenk,N/A,2025 NBA Draft Eligible,Croatia
2019,Lovre Knezevic,F,6-7,-,KK Dubrava Zagreb,N/A,"2023 NBA Draft, Undrafted",Croatia
2019,Mislav Kolic,F,6-7,-,KK Skrljevo,N/A,"2023 NBA Draft, Undrafted",Croatia
2019,Filip Kordic,F,6-5,-,KK Hermes Znalitica,N/A,"2014 NBA Draft, Undrafted",Croatia
2019,Karlo Kos,F,6-5,-,KK Dubrava Zagreb,N/A,"2020 NBA Draft, Undrafted",Croatia
2019,Mihael Kos,G,6-5,-,KK Dubrava Zagreb,N/A,2026 NBA Draft Eligible,Croatia
2019,Roberto Kovac,G,6-2,178,KK Cibona,Mendrisio,"2012 NBA Draft, Undrafted",Switzerland
2019,Maj Kovacevic,G,6-3,188,KK Split,Novo Mesto,"2012 NBA Draft, Undrafted",Slovenia
2019,Luka Krajinovic,G,6-6,-,KK Hermes Znalitica,N/A,"2022 NBA Draft, Undrafted",Croatia
2019,Ivan Kucan,GF,6-5,192,KK Alkar,N/A,"2018 NBA Draft, Undrafted",Croatia
2019,Robert Kujundzic,F,6-6,206,KK Vrijednosnice Osijek,Osijek,"2016 NBA Draft, Undrafted",Croatia
2019,Arijan Lakic,G,6-6,209,KK Vrijednosnice Osijek,Belgrade,"2022 NBA Draft, Undrafted",Serbia
2019,Karlo Lebo,F,6-5,-,KK Velika Gorica,Split,"2016 NBA Draft, Undrafted",Croatia
2019,Sime Lisica,G,6-3,-,KK Zabok,N/A,"2020 NBA Draft, Undrafted",Croatia
2019,Kresimir Ljubicic,C,6-11,-,KK Cibona,Zagreb,"2020 NBA Draft, Undrafted",Croatia
2019,Luka Ljubicic,F,6-7,-,KK Hermes Znalitica,N/A,"2018 NBA Draft, Undrafted",Croatia
2019,Markus Loncar,C,7-0,230,KK Zabok,Livno,"2018 NBA Draft, Undrafted",Bosnia and HerzegovinaCroatia
2019,Kruno Macner,G,6-2,-,KK Velika Gorica,N/A,"2022 NBA Draft, Undrafted",Croatia
2019,Ivan Majcunic,G,6-4,-,KK Velika Gorica,Zagreb,"2018 NBA Draft, Undrafted",Croatia
2019,Ivan Majic,G,6-4,-,KK Dubrava Zagreb,Zagreb,"2020 NBA Draft, Undrafted",Croatia
2019,Mate Mandic,F,6-6,194,KK Zabok,Zagreb,"2020 NBA Draft, Undrafted",Croatia
2019,Pavle Marcinkovic,F,6-5,196,KK Split,Zadar,"2011 NBA Draft, Undrafted",Croatia
2019,Gabriel Maric,F,6-8,180,KK Alkar,Sinj,"2021 NBA Draft, Undrafted",Croatia
2019,Petar Maric,G,6-6,231,KK Zadar,Zadar,"2009 NBA Draft, Undrafted",Croatia
2019,Ivan Martinko,G,6-2,184,KK Zabok,Zabok,"2020 NBA Draft, Undrafted",Croatia
2019,Ante Masic,F,6-5,205,KK Velika Gorica,Tomislavgrad,"2007 NBA Draft, Undrafted",Bosnia and Herzegovina
2019,Dominik Mavra,F,6-4,202,KK Zadar,Zadar,"2016 NBA Draft, Undrafted",Croatia
2019,Lovro Mazalin,F,6-8,209,KK Velika Gorica,Sisak,"2019 NBA Draft, Undrafted",Croatia
2019,Milija Mikovic,FC,6-8,220,KK Velika Gorica,Bar,"2016 NBA Draft, Undrafted",Montenegro
2019,Ivan Milekovic,F,6-6,-,GKK Sibenk,Zagreb,"2010 NBA Draft, Undrafted",Croatia
2019,Jamel Morris,G,6-4,200,KK Split,Gahanna (OH),"2016 NBA Draft, Undrafted",United States
2019,Toni Nakic,G,6-8,196,GKK Sibenk,Sibenik,"2021 NBA Draft, Undrafted",Croatia
2019,Nick Neal,G,6-0,180,KK Alkar,Detroit (MI),"2012 NBA Draft, Undrafted",United States
2019,Ivan Novacic,F,6-7,196,KK Cibona,Zadar,"2007 NBA Draft, Undrafted",Croatia
2019,Tim Osolnik,G,6-5,198,KK Velika Gorica,Novo Mesto,"2018 NBA Draft, Undrafted",Slovenia
2019,Pavao Paic,C,6-9,225,GKK Sibenk,Sibenik,"2020 NBA Draft, Undrafted",Croatia
2019,Dino Palcic,G,6-1,-,KK Sonik Puntamika,N/A,"2012 NBA Draft, Undrafted",Croatia
2019,Jan Palokaj,F,6-3,190,KK Zadar,N/A,"2022 NBA Draft, Undrafted",Croatia
2019,Luka Panduric,G,6-2,187,KK Skrljevo,Osijek,"2015 NBA Draft, Undrafted",Croatia
2019,Ivan Papac,F,6-9,188,KK Velika Gorica,Vinkovci,"2009 NBA Draft, Undrafted",Croatia
2019,Filip Paponja,G,6-2,-,KK Cibona,N/A,2024 NBA Draft Eligible,Croatia
2019,Ivan Perasovic,F,6-7,198,KK Split,Split,2024 NBA Draft Eligible,Croatia
2019,Bruno Peric,G,6-5,194,KK Hermes Znalitica,Zagreb,"2016 NBA Draft, Undrafted",CroatiaSlovenia
2019,Petar Peric,G,6-3,196,KK Dubrava Zagreb,N/A,"2019 NBA Draft, Undrafted",Croatia
2019,Toni Perkovic,G,6-3,183,KK Split,Pula,"2020 NBA Draft, Undrafted",Croatia
2019,Ante Perkusic,F,6-5,-,KK Split,N/A,2024 NBA Draft Eligible,Croatia
2019,Teo Petani,G,6-2,176,KK Sonik Puntamika,Zadar,"2010 NBA Draft, Undrafted",Croatia
2019,Petar Petkovic,F,-,-,KK Sonik Puntamika,N/A,2024 NBA Draft Eligible,Croatia
2019,Marko Petrovic,G,6-3,200,KK Velika Gorica,Zagreb,"2014 NBA Draft, Undrafted",Croatia
2019,Jure Planinic,F,6-10,-,KK Zadar,Mostar,"2022 NBA Draft, Undrafted",Croatia
2019,Juraj Pleadin,G,6-4,180,GKK Sibenk,N/A,2025 NBA Draft Eligible,Croatia
2019,Josip Popic,C,6-9,207,KK Sonik Puntamika,Graz,"2020 NBA Draft, Undrafted",Austria
2019,Frano Pralija,G,6-3,-,KK Alkar,N/A,"2023 NBA Draft, Undrafted",Croatia
2019,Mladen Primorac,C,6-11,226,GKK Sibenk,Mostar,"2012 NBA Draft, Undrafted",Bosnia and Herzegovina
2019,Roko Prkacin,C,6-9,234,KK Cibona,Zagreb,2024 NBA Draft Eligible,Croatia
2019,Marko Proleta,G,6-5,-,KK Dubrava Zagreb,Dubrovnik,"2016 NBA Draft, Undrafted",Croatia
2019,Pavao Psihistal,-,-,-,KK Vrijednosnice Osijek,N/A,2024 NBA Draft Eligible,Croatia
2019,Makur Puou,FC,6-9,210,KK Dubrava Zagreb,Rumbek,"2018 NBA Draft, Undrafted",South Sudan
2019,Robin Rajcic,C,6-7,214,GKK Sibenk,Munich,"2021 NBA Draft, Undrafted",GermanyCroatia
2019,Julian Rajic,F,6-9,-,KK Hermes Znalitica,N/A,"2007 NBA Draft, Undrafted",Croatia
2019,Marko Ramljak,F,6-8,210,KK Cibona,Posusje,"2015 NBA Draft, Undrafted",CroatiaBosnia and Herzegovina
2019,Sandro Rasic,G,6-5,-,KK Cibona,N/A,"2023 NBA Draft, Undrafted",Croatia
2019,Matic Rebec,G,5-11,150,KK Cibona,Postojna,"2017 NBA Draft, Undrafted",Slovenia
2019,Bruno Rebic,G,6-4,-,KK Split,N/A,"2021 NBA Draft, Undrafted",Croatia
2019,M.J. Rhett,F,6-9,240,KK Cibona,Hopkins (SC),"2015 NBA Draft, Undrafted",United StatesDominican Republic
2019,Jordan Riewer,G,6-2,195,KK Skrljevo,Staples (MN),"2015 NBA Draft, Undrafted",United States
2019,Robert Rikic,C,7-2,222,KK Split,Mostar,"2012 NBA Draft, Undrafted",Bosnia and HerzegovinaCroatia
2019,Arkim Robertson,F,6-9,240,KK Skrljevo,Altus (OK),"2018 NBA Draft, Undrafted",United States
2019,Marin Rozic,F,6-6,220,KK Cibona,Mostar,"2005 NBA Draft, Undrafted",Bosnia and HerzegovinaCroatia
2019,Lovre Runjic,F,6-6,-,KK Split,N/A,"2022 NBA Draft, Undrafted",Croatia
2019,Donatas Sabeckis,F,6-6,198,KK Cibona,Kaunas,"2014 NBA Draft, Undrafted",Lithuania
2019,Dom Samac,F,6-9,215,KK Zabok,Zagreb,"2016 NBA Draft, Undrafted",Croatia
2019,Marko Sarac,F,6-9,210,KK Dubrava Zagreb,N/A,"2019 NBA Draft, Undrafted",Croatia
2019,Andrija Sarenac,G,6-2,218,KK Vrijednosnice Osijek,Limassol,"2017 NBA Draft, Undrafted",CyprusSerbia
2019,Domagoj Saric,G,6-4,182,GKK Sibenk,Sibenik,"2021 NBA Draft, Undrafted",Croatia
2019,Viktor Saric,C,6-8,204,KK Split,Split,"2023 NBA Draft, Undrafted",Croatia
2019,Juraj Segaric,G,6-0,163,KK Sonik Puntamika,Zadar,"2015 NBA Draft, Undrafted",Croatia
2019,Dragan Sekelja,C,7-0,250,KK Skrljevo,Livno,"2014 NBA Draft, Undrafted",Bosnia and HerzegovinaCroatia
2019,Alexandros Sigkounas,F,6-6,230,KK Vrijednosnice Osijek,Maroussi,"2010 NBA Draft, Undrafted",Greece
2019,Filip Simovic,F,6-5,-,KK Hermes Znalitica,N/A,"2017 NBA Draft, Undrafted",Croatia
2019,Ivan Siriscevic,F,6-6,197,KK Zadar,Split,"2009 NBA Draft, Undrafted",Croatia
2019,Nik Slavica,F,6-9,200,KK Skrljevo,Sibenik,"2019 NBA Draft, Undrafted",Croatia
2019,Sven Smajlagic,G,6-5,205,KK Zabok,Zagreb,"2012 NBA Draft, Undrafted",Croatia
2019,Ante Smolic,FC,6-10,265,KK Dubrava Zagreb,Zadar,"2015 NBA Draft, Undrafted",Croatia
2019,Sime Spralja,F,6-9,232,KK Sonik Puntamika,Zadar,"2005 NBA Draft, Undrafted",Croatia
2019,Filip Stanic,F,6-10,255,KK Hermes Znalitica,Berlin,"2020 NBA Draft, Undrafted",Germany
2019,Kristijan Sutalo,F,6-10,-,KK Dubrava Zagreb,N/A,"2012 NBA Draft, Undrafted",Bosnia and Herzegovina
2019,Ivan Svoboda,G,6-3,-,KK Hermes Znalitica,N/A,"2009 NBA Draft, Undrafted",Croatia
2019,Luka Tomas,G,6-4,-,KK Zabok,Koprivnica,"2021 NBA Draft, Undrafted",Croatia
2019,Mladen Tomasevic,F,6-8,-,KK Alkar,N/A,2025 NBA Draft Eligible,Croatia
2019,Martin Tuden,G,6-0,177,KK Zabok,N/A,"2019 NBA Draft, Undrafted",Croatia
2019,Nikola Turalija,C,6-9,-,KK Vrijednosnice Osijek,N/A,"2016 NBA Draft, Undrafted",Croatia
2019,Lovre Tvrdic,F,6-1,-,KK Alkar,N/A,"2022 NBA Draft, Undrafted",Croatia
2019,Karlo Uljarevic,G,6-2,174,KK Zadar,Osijek,"2020 NBA Draft, Undrafted",Croatia
2019,Martin Vedris,F,6-4,-,KK Vrijednosnice Osijek,N/A,"2022 NBA Draft, Undrafted",Croatia
2019,Jakov Vladovic,G,6-1,190,GKK Sibenk,Zadar,"2005 NBA Draft, Undrafted",Croatia
2019,Marko Vlaic,F,6-6,-,GKK Sibenk,N/A,"2022 NBA Draft, Undrafted",Croatia
2019,Ivan Vranes,C,6-10,246,GKK Sibenk,Zadar,"2018 NBA Draft, Undrafted",Croatia
2019,Antonio Vrankovic,C,7-0,269,KK Split,Minneapolis (MN),"2019 NBA Draft, Undrafted",United StatesCroatia
2019,Ivan Vrgoc,F,6-7,202,KK Split,Split,"2021 NBA Draft, Undrafted",Croatia
2019,Domagoj Vrkic,C,6-9,208,KK Skrljevo,Zadar,"2019 NBA Draft, Undrafted",Croatia
2019,Hrvoje Vucic,C,7-1,245,KK Alkar,Split,"2014 NBA Draft, Undrafted",Croatia
2019,Ivan Vucic,F,6-5,205,KK Velika Gorica,Zagreb,"2018 NBA Draft, Undrafted",Croatia
2019,Luka Vucic,F,6-6,-,KK Skrljevo,Rijeka,"2021 NBA Draft, Undrafted",Croatia
2019,Mate Vucic,FC,6-8,-,KK Cibona,N/A,"2018 NBA Draft, Undrafted",Croatia
2019,Fran Vujic,G,6-1,-,KK Dubrava Zagreb,Zagreb,"2020 NBA Draft, Undrafted",Croatia
2019,Filip Vujicic,G,6-4,-,KK Zadar,N/A,"2022 NBA Draft, Undrafted",Croatia
2019,Tonko Vuko,F,6-8,228,GKK Sibenk,Split,"2017 NBA Draft, Undrafted",Croatia
2019,Aleksandar Vukovic,F,6-4,-,KK Vrijednosnice Osijek,N/A,"2020 NBA Draft, Undrafted",Serbia
2019,Domagoj Vukovic,F,6-10,-,KK Zadar,Rijeka,"2015 NBA Draft, Undrafted",Croatia
2019,James Washington,G,6-0,170,KK Split,St. Louis (MO),"2011 NBA Draft, Undrafted",United States
2019,Emmanuel Wembi,FC,6-8,220,KK Alkar,Charlotte (NC),"2019 NBA Draft, Undrafted",United States
2019,Ivan Zebic,G,6-4,-,KK Zabok,N/A,"2018 NBA Draft, Undrafted",Croatia
2019,Dominik Zelanto,F,6-5,-,KK Zadar,N/A,"2022 NBA Draft, Undrafted",Croatia
2019,Ivan Zivkovic,F,6-7,-,GKK Sibenk,N/A,2024 NBA Draft Eligible,Croatia
2019,Marko Zuljevic,F,6-6,-,KK Alkar,N/A,"2022 NBA Draft, Undrafted",Croatia
2020,Kristian Andabaka,G,6-5,198,GKK Sibenk,Sibenik,"2019 NBA Draft, Undrafted",Croatia
2020,Frane Antic,C,6-10,-,GKK Sibenk,N/A,2025 NBA Draft Eligible,Croatia
2020,Andro Antonic,GF,6-4,163,KK Zabok,Maribor,"2023 NBA Draft, Undrafted",Slovenia
2020,Andro Anzulovic,G,6-4,200,KK Zabok,Zagreb,"2013 NBA Draft, Undrafted",Croatia
2020,Roko Anzulovic,G,6-5,-,KK Dubrava Zagreb,N/A,"2018 NBA Draft, Undrafted",Croatia
2020,Marko Arapovic,C,6-9,231,KK Split,Zagreb,"2018 NBA Draft, Undrafted",Croatia
2020,Adnan Arslanagic,G,6-0,181,KK Skrljevo,Sarajevo,"2019 NBA Draft, Undrafted",Bosnia and Herzegovina
2020,Luka Babic,F,6-6,190,KK Split,Split,"2013 NBA Draft, Undrafted",Croatia
2020,Darko Bajo,F,6-10,214,KK Split,Nova Bila,"2021 NBA Draft, Undrafted",CroatiaBosnia and Herzegovina
2020,Marko Bakovic,FC,6-8,188,KK Velika Gorica,Tomislavgrad,"2015 NBA Draft, Undrafted",Bosnia and HerzegovinaCroatia
2020,Demian Balasko,F,6-6,-,KK Zabok,N/A,"2019 NBA Draft, Undrafted",Croatia
2020,Vito Barbarosa,G,6-0,-,KK Sonik Puntamika,N/A,"2022 NBA Draft, Undrafted",Croatia
2020,Josip Barnjak,GF,6-3,198,KK Skrljevo,Kaiserslautern,"2020 NBA Draft, Undrafted",GermanyCroatia
2020,Domagoj Basic,G,6-4,188,GKK Sibenk,Zagreb,"2008 NBA Draft, Undrafted",Croatia
2020,Ivan Batur,F,6-7,185,KK Velika Gorica,Zadar,"2013 NBA Draft, Undrafted",Croatia
2020,Edi Besic,G,6-3,-,KK Skrljevo,N/A,"2022 NBA Draft, Undrafted",Croatia
2020,Josip Bilinovac,F,6-4,198,KK Cibona,Mostar,"2012 NBA Draft, Undrafted",Bosnia and HerzegovinaCroatia
2020,Filip Bjelanovic,G,6-5,-,KK Skrljevo,N/A,2024 NBA Draft Eligible,Croatia
2020,Antonio Boban,F,6-9,-,KK Skrljevo,Rijeka,"2015 NBA Draft, Undrafted",Croatia
2020,Lukas Bobek,G,6-6,-,GKK Sibenk,N/A,"2022 NBA Draft, Undrafted",Czech Republic
2020,Vigor Borovcak,F,6-6,-,KK Zabok,N/A,2028 NBA Draft Eligible,Croatia
2020,James Bosnakis,F,6-6,-,KK Skrljevo,Perth,"2021 NBA Draft, Undrafted",Australia
2020,Juraj Brajcic,F,-,-,KK Sonik Puntamika,N/A,2026 NBA Draft Eligible,Croatia
2020,Duje Brala,G,6-5,180,KK Zadar,Zadar,2025 NBA Draft Eligible,Croatia
2020,Danko Brankovic,C,7-1,208,KK Cibona,Zagreb,"2022 NBA Draft, Undrafted",Croatia
2020,Grgur Brcic,C,6-10,225,KK Hermes Znalitica,Zagreb,2027 NBA Draft Eligible,Croatia
2020,Srdan Brocic,G,6-0,-,KK Alkar,N/A,"2021 NBA Draft, Undrafted",Croatia
2020,Mislav Brzoja,G,6-6,215,KK Dubrava Zagreb,Zagreb,"2017 NBA Draft, Undrafted",Croatia
2020,Luksa Buljevic,F,6-7,-,KK Cibona,N/A,2024 NBA Draft Eligible,Croatia
2020,Filip Bundovic,F,6-7,205,KK Cibona,Zagreb,"2016 NBA Draft, Undrafted",Croatia
2020,Matej Buovac,GF,6-7,210,KK Dubrava Zagreb,Rijeka,"2017 NBA Draft, Undrafted",Croatia
2020,Aleksandar Bursac,F,6-8,205,KK Zadar,Ruma,"2017 NBA Draft, Undrafted",Serbia
2020,Tin Busic,G,6-3,-,KK Dubrava Zagreb,N/A,"2021 NBA Draft, Undrafted",Croatia
2020,Sani Campara,G,6-3,185,KK Split,Sarajevo,"2021 NBA Draft, Undrafted",Bosnia and Herzegovina
2020,Justin Carter,GF,6-4,200,KK Zadar,Gaithersburg (MD),"2010 NBA Draft, Undrafted",United States
2020,Nino Celebic,G,6-2,188,KK Vrijednosnice Osijek,Belgrade,"2012 NBA Draft, Undrafted",Serbia
2020,Elijah Clarance,G,6-4,190,KK Vrijednosnice Osijek,Norra Sofielund,"2019 NBA Draft, Undrafted",Sweden
2020,Robert Coric,G,6-0,-,KK Hermes Znalitica,N/A,2024 NBA Draft Eligible,Croatia
2020,Ivan Cosic,G,6-1,-,KK Vrijednosnice Osijek,N/A,"2017 NBA Draft, Undrafted",Croatia
2020,Antonio Crnjevic,F,6-6,200,KK Zabok,Zabok,"2016 NBA Draft, Undrafted",Croatia
2020,Stipe Cubric,G,6-0,-,KK Dubrava Zagreb,Zagreb,"2015 NBA Draft, Undrafted",Croatia
2020,Luka Cvitanovic,G,6-4,-,KK Hermes Znalitica,Zagreb,"2022 NBA Draft, Undrafted",Croatia
2020,Dario Cvitkovic,F,6-9,-,KK Skrljevo,N/A,"2020 NBA Draft, Undrafted",Croatia
2020,Tomislav Cvitkovic,F,6-9,-,KK Sonik Puntamika,Karlovac,"2020 NBA Draft, Undrafted",Croatia
2020,Mise Diminic,F,6-10,232,KK Zabok,Split,"2011 NBA Draft, Undrafted",Croatia
2020,Ilija Dokovic,G,6-2,218,KK Split,Jagodina,"2018 NBA Draft, Undrafted",Serbia
2020,Dario Dreznjak,F,6-2,185,KK Zadar,Mostar,"2020 NBA Draft, Undrafted",Bosnia and HerzegovinaCroatia
2020,Mateo Dreznjak,F,6-5,196,KK Cibona,Mostar,"2021 NBA Draft, Undrafted",Bosnia and HerzegovinaCroatia
2020,Naba Echols,G,5-11,158,KK Alkar,Memphis (TN),"2019 NBA Draft, Undrafted",United States
2020,Franjo Elcic,F,6-7,-,KK Zabok,N/A,2027 NBA Draft Eligible,Croatia
2020,Nikola Filic,G,6-3,194,KK Hermes Znalitica,N/A,"2019 NBA Draft, Undrafted",Croatia
2020,Franko Filipovic,F,6-8,-,KK Vrijednosnice Osijek,Rijeka,"2009 NBA Draft, Undrafted",Croatia
2020,Trey Freeman,G,6-2,185,GKK Sibenk,Virginia Beach (VA),"2016 NBA Draft, Undrafted",United States
2020,Dylan Frye,G,6-2,185,KK Vrijednosnice Osijek,Pembroke Pines (FL),"2020 NBA Draft, Undrafted",United States
2020,Roko Galic,F,6-6,-,KK Zabok,N/A,"2019 NBA Draft, Undrafted",Croatia
2020,Jonathan Galloway,F,6-10,235,KK Zadar,Brentwood (CA),"2019 NBA Draft, Undrafted",United StatesGuam
2020,Matej Gaspert,C,6-11,235,KK Zabok,Rijeka,"2020 NBA Draft, Undrafted",Croatia
2020,Dario Gazic,F,6-7,-,KK Hermes Znalitica,N/A,"2013 NBA Draft, Undrafted",Croatia
2020,Dominic Gilbert,F,6-6,216,KK Zadar,Sydney,"2018 NBA Draft, Undrafted",Australia
2020,Roko Gizdavcic,G,6-3,-,KK Split,Split,"2023 NBA Draft, Undrafted",Croatia
2020,Lovro Gnjidic,GF,6-6,190,KK Cibona,Zagreb,"2023 NBA Draft, Undrafted",Croatia
2020,Ante Gospic,F,6-8,235,KK Sonik Puntamika,Zadar,"2013 NBA Draft, Undrafted",Croatia
2020,Vlatko Granic,F,6-9,230,KK Alkar,Split,"2018 NBA Draft, Undrafted",Croatia
2020,Ivan Gulin,GF,6-7,180,GKK Sibenk,N/A,"2023 NBA Draft, Undrafted",Croatia
2020,Jure Gunjina,F,6-8,205,KK Skrljevo,Zagreb,"2016 NBA Draft, Undrafted",Croatia
2020,Tramaine Isabell,G,6-1,180,KK Dubrava Zagreb,Seattle (WA),"2019 NBA Draft, Undrafted",United States
2020,Fran Jacovic,F,6-7,-,KK Alkar,N/A,"2021 NBA Draft, Undrafted",Croatia
2020,Patrik Jambrovic,F,6-8,205,KK Zabok,Cakovec,"2018 NBA Draft, Undrafted",Croatia
2020,Ivan Jelavic,F,6-6,-,KK Vrijednosnice Osijek,N/A,2025 NBA Draft Eligible,Croatia
2020,Dorian Jelenek,F,6-6,210,KK Dubrava Zagreb,Zagreb,"2017 NBA Draft, Undrafted",Croatia
2020,Toni Jelenkovic,G,5-11,170,KK Skrljevo,Zadar,"2019 NBA Draft, Undrafted",Croatia
2020,Ala Jerkovic,F,6-9,220,KK Dubrava Zagreb,Novi Sad,"2021 NBA Draft, Undrafted",Serbia
2020,Kristijan Joksimovic,G,6-6,-,KK Hermes Znalitica,Zagreb,"2020 NBA Draft, Undrafted",Croatia
2020,Antonio Jordano,G,6-2,170,KK Zadar,Rijeka,"2021 NBA Draft, Undrafted",Croatia
2020,Filip Josic,G,6-2,-,KK Sonik Puntamika,N/A,"2018 NBA Draft, Undrafted",Croatia
2020,Josip Jukic,C,6-10,222,KK Sonik Puntamika,Split,"2018 NBA Draft, Undrafted",Croatia
2020,Mirko Jukic,F,6-6,-,KK Alkar,N/A,2024 NBA Draft Eligible,Serbia
2020,Martin Junakovic,G,6-2,195,KK Zadar,Sibenik,"2016 NBA Draft, Undrafted",Croatia
2020,Borna Jurela,G,6-5,-,KK Alkar,N/A,"2022 NBA Draft, Undrafted",Croatia
2020,Ivan Jurela,GF,6-5,-,KK Alkar,N/A,"2022 NBA Draft, Undrafted",Croatia
2020,Valentin Jurkovic,C,6-10,220,GKK Sibenk,Metkovic,"2016 NBA Draft, Undrafted",Croatia
2020,Kodi Justice,G,6-5,190,KK Zadar,Mesa (AZ),"2018 NBA Draft, Undrafted",United States
2020,Mate Kalajzic,G,6-2,174,KK Velika Gorica,Split,"2020 NBA Draft, Undrafted",Croatia
2020,Franko Kalpic,G,6-6,196,KK Hermes Znalitica,Sibenik,"2019 NBA Draft, Undrafted",Croatia
2020,Borna Kapusta,G,6-0,-,KK Velika Gorica,Koprivnica,"2018 NBA Draft, Undrafted",Croatia
2020,Mateo Kedzo,F,6-9,251,KK Split,Split,"2006 NBA Draft, Undrafted",Croatia
2020,Sime Keserovic,F,6-6,-,KK Sonik Puntamika,N/A,"2023 NBA Draft, Undrafted",Croatia
2020,Antonio Klarin,G,6-1,-,GKK Sibenk,N/A,2025 NBA Draft Eligible,Croatia
2020,Mislav Kolic,F,6-7,-,KK Skrljevo,N/A,"2023 NBA Draft, Undrafted",Croatia
2020,Filip Kordic,F,6-5,-,KK Hermes Znalitica,N/A,"2014 NBA Draft, Undrafted",Croatia
2020,Edis Korman,C,6-10,-,KK Zadar,N/A,"2023 NBA Draft, Undrafted",Bosnia and Herzegovina
2020,Valentin Kos,G,6-1,-,KK Dubrava Zagreb,N/A,"2023 NBA Draft, Undrafted",Croatia
2020,Matej Kostic,G,6-5,-,KK Skrljevo,N/A,2025 NBA Draft Eligible,Croatia
2020,Maj Kovacevic,G,6-3,188,KK Velika Gorica,Novo Mesto,"2012 NBA Draft, Undrafted",Slovenia
2020,Kristijan Krajina,F,6-11,245,KK Cibona,Osijek,"2015 NBA Draft, Undrafted",Croatia
2020,Luka Krajinovic,G,6-6,-,KK Zabok,N/A,"2022 NBA Draft, Undrafted",Croatia
2020,Filip Kraljevic,C,7-0,210,KK Zadar,Mostar,"2011 NBA Draft, Undrafted",Bosnia and HerzegovinaCroatia
2020,Ante Krapic,F,6-8,228,KK Hermes Znalitica,Zadar,"2007 NBA Draft, Undrafted",Croatia
2020,Ivan Kucan,GF,6-5,192,KK Alkar,N/A,"2018 NBA Draft, Undrafted",Croatia
2020,Robert Kujundzic,F,6-6,206,KK Vrijednosnice Osijek,Osijek,"2016 NBA Draft, Undrafted",Croatia
2020,Arijan Lakic,G,6-6,209,KK Vrijednosnice Osijek,Belgrade,"2022 NBA Draft, Undrafted",Serbia
2020,Sime Lisica,G,6-3,-,KK Zabok,N/A,"2020 NBA Draft, Undrafted",Croatia
2020,Kresimir Ljubicic,C,6-11,-,KK Velika Gorica,Zagreb,"2020 NBA Draft, Undrafted",Croatia
2020,Luka Ljubicic,F,6-7,-,KK Hermes Znalitica,N/A,"2018 NBA Draft, Undrafted",Croatia
2020,Marko Ljubicic,G,6-5,190,KK Cibona,Novi Sad,"2009 NBA Draft, Undrafted",Serbia
2020,Marko Lukovic,F,6-10,192,KK Split,Belgrade,"2014 NBA Draft, Undrafted",Serbia
2020,Hrvoje Majcunic,G,6-3,200,KK Velika Gorica,Jastrebarsko,2026 NBA Draft Eligible,Croatia
2020,Ivan Majcunic,G,6-4,-,KK Velika Gorica,Zagreb,"2018 NBA Draft, Undrafted",Croatia
2020,Ivan Majic,G,6-4,-,KK Dubrava Zagreb,Zagreb,"2020 NBA Draft, Undrafted",Croatia
2020,Lovro Mandainic,GF,6-6,-,KK Alkar,N/A,"2018 NBA Draft, Undrafted",Croatia
2020,Niko Manojlovic,F,6-3,-,KK Sonik Puntamika,N/A,"2023 NBA Draft, Undrafted",Croatia
2020,Marko Marcelic,G,6-1,175,KK Hermes Znalitica,Zagreb,"2018 NBA Draft, Undrafted",Croatia
2020,Pavle Marcinkovic,F,6-5,196,KK Split,Zadar,"2011 NBA Draft, Undrafted",Croatia
2020,Gabriel Maric,F,6-8,180,KK Zabok,Sinj,"2021 NBA Draft, Undrafted",Croatia
2020,Igor Maric,F,6-5,192,KK Cibona,Banja Luka,"2004 NBA Draft, Undrafted",Bosnia and Herzegovina
2020,Marin Maric,C,6-11,240,KK Split,Split,"2018 NBA Draft, Undrafted",Croatia
2020,Petar Maric,G,6-6,231,KK Zabok,Zadar,"2009 NBA Draft, Undrafted",Croatia
2020,Antun Maricevic,F,6-10,249,KK Zabok,Zagreb,"2020 NBA Draft, Undrafted",Croatia
2020,Damir Markota,F,6-10,260,KK Cibona,Sarajevo,2006 Rnd 2 Pick 29,CroatiaSweden
2020,Ivan Martinko,G,6-2,184,KK Zabok,Zabok,"2020 NBA Draft, Undrafted",Croatia
2020,Ante Masic,F,6-5,205,KK Velika Gorica,Tomislavgrad,"2007 NBA Draft, Undrafted",Bosnia and Herzegovina
2020,Patrik Maskaljevic,G,5-10,-,KK Vrijednosnice Osijek,N/A,"2022 NBA Draft, Undrafted",Croatia
2020,Vatroslav Mastelic,F,6-4,-,KK Alkar,N/A,2027 NBA Draft Eligible,Croatia
2020,Dominik Mavra,F,6-4,202,KK Zadar,Zadar,"2016 NBA Draft, Undrafted",Croatia
2020,Lovro Mazalin,F,6-8,209,KK Velika Gorica,Sisak,"2019 NBA Draft, Undrafted",Croatia
2020,Blaz Mesicek,G,6-6,170,KK Split,Ljubljana,"2019 NBA Draft, Undrafted",Slovenia
2020,Milija Mikovic,FC,6-8,220,GKK Sibenk,Bar,"2016 NBA Draft, Undrafted",Montenegro
2020,Ivan Milekovic,F,6-6,-,KK Hermes Znalitica,Zagreb,"2010 NBA Draft, Undrafted",Croatia
2020,Ronald Moore,G,6-0,156,KK Cibona,Conshohocken (PA),"2010 NBA Draft, Undrafted",United States
2020,Jakov Mustapic,G,6-4,198,KK Cibona,Zagreb,"2016 NBA Draft, Undrafted",Croatia
2020,Toni Nakic,G,6-8,196,KK Cibona,Sibenik,"2021 NBA Draft, Undrafted",Croatia
2020,Ivan Nazor,G,5-11,-,KK Dubrava Zagreb,N/A,2024 NBA Draft Eligible,Croatia
2020,Ivan Novacic,F,6-7,196,KK Cibona,Zadar,"2007 NBA Draft, Undrafted",Croatia
2020,Chinanu Onuaku,C,6-9,250,KK Zadar,Upper Marlboro (MD),2016 Rnd 2 Pick 7,United States
2020,Pavao Paic,C,6-9,225,KK Vrijednosnice Osijek,Sibenik,"2020 NBA Draft, Undrafted",Croatia
2020,Dino Palcic,G,6-1,-,KK Sonik Puntamika,N/A,"2012 NBA Draft, Undrafted",Croatia
2020,Jan Palokaj,F,6-3,190,KK Zadar,N/A,"2022 NBA Draft, Undrafted",Croatia
2020,Luka Panduric,G,6-2,187,KK Dubrava Zagreb,Osijek,"2015 NBA Draft, Undrafted",Croatia
2020,Filip Paponja,G,6-2,-,KK Zadar,N/A,2024 NBA Draft Eligible,Croatia
2020,Ivan Pavic,C,6-10,-,KK Vrijednosnice Osijek,N/A,2024 NBA Draft Eligible,Croatia
2020,David Pavin,G,5-9,-,KK Sonik Puntamika,N/A,2027 NBA Draft Eligible,Croatia
2020,Ozren Pavlovic,F,6-8,210,KK Velika Gorica,Zagreb,"2016 NBA Draft, Undrafted",Croatia
2020,Ivan Perasovic,F,6-7,198,KK Split,Split,2024 NBA Draft Eligible,Croatia
2020,Bruno Peric,G,6-5,194,KK Hermes Znalitica,Zagreb,"2016 NBA Draft, Undrafted",CroatiaSlovenia
2020,Petar Peric,G,6-3,196,KK Dubrava Zagreb,N/A,"2019 NBA Draft, Undrafted",Croatia
2020,Toni Perkovic,G,6-3,183,KK Split,Pula,"2020 NBA Draft, Undrafted",Croatia
2020,Ante Perkusic,F,6-5,-,KK Split,N/A,2024 NBA Draft Eligible,Croatia
2020,Teo Petani,G,6-2,176,KK Sonik Puntamika,Zadar,"2010 NBA Draft, Undrafted",Croatia
2020,Pavao Pihistal,-,-,-,KK Vrijednosnice Osijek,N/A,"2021 NBA Draft, Undrafted",Croatia
2020,Fran Pilepic,GF,6-3,187,KK Skrljevo,Rijeka,"2011 NBA Draft, Undrafted",Croatia
2020,Darko Planinic,C,6-11,255,KK Cibona,Mostar,"2012 NBA Draft, Undrafted",Bosnia and HerzegovinaCroatia
2020,Jure Planinic,F,6-10,-,KK Zadar,Mostar,"2022 NBA Draft, Undrafted",Croatia
2020,Juraj Pleadin,G,6-4,180,GKK Sibenk,N/A,2025 NBA Draft Eligible,Croatia
2020,Vito Porobic,G,6-6,-,KK Vrijednosnice Osijek,N/A,"2023 NBA Draft, Undrafted",Croatia
2020,Frano Pralija,G,6-3,-,KK Alkar,N/A,"2023 NBA Draft, Undrafted",Croatia
2020,Marko Prelec,F,6-8,-,KK Dubrava Zagreb,N/A,"2023 NBA Draft, Undrafted",Croatia
2020,Mladen Primorac,C,6-11,226,KK Zabok,Mostar,"2012 NBA Draft, Undrafted",Bosnia and Herzegovina
2020,Roko Prkacin,C,6-9,234,KK Cibona,Zagreb,2024 NBA Draft Eligible,Croatia
2020,Makur Puou,FC,6-9,210,KK Dubrava Zagreb,Rumbek,"2018 NBA Draft, Undrafted",South Sudan
2020,Duje Putnik,F,6-7,-,KK Alkar,N/A,"2023 NBA Draft, Undrafted",Croatia
2020,Kresimir Radovcic,G,6-5,194,KK Cibona,Sibenik,"2019 NBA Draft, Undrafted",Croatia
2020,Mario Rajcic,F,6-6,-,KK Skrljevo,N/A,"2022 NBA Draft, Undrafted",Croatia
2020,Julian Rajic,F,6-9,-,KK Hermes Znalitica,N/A,"2007 NBA Draft, Undrafted",Croatia
2020,Sandro Rasic,G,6-5,-,KK Cibona,N/A,"2023 NBA Draft, Undrafted",Croatia
2020,Bruno Rebic,G,6-4,-,KK Alkar,N/A,"2021 NBA Draft, Undrafted",Croatia
2020,Scottie Reynolds,G,6-2,209,KK Cibona,Huntsville (AL),"2010 NBA Draft, Undrafted",United States
2020,Jan Ristovski,F,6-6,-,KK Hermes Znalitica,Zagreb,2026 NBA Draft Eligible,Croatia
2020,Arkim Robertson,F,6-9,240,KK Skrljevo,Altus (OK),"2018 NBA Draft, Undrafted",United States
2020,Lovre Runjic,F,6-6,-,KK Sonik Puntamika,N/A,"2022 NBA Draft, Undrafted",Croatia
2020,Domagoj Saric,G,6-4,182,GKK Sibenk,Sibenik,"2021 NBA Draft, Undrafted",Croatia
2020,Petar Saric,G,6-1,176,GKK Sibenk,Kotor,"2017 NBA Draft, Undrafted",Montenegro
2020,Viktor Saric,C,6-8,204,KK Split,Split,"2023 NBA Draft, Undrafted",Croatia
2020,Marino Sarlija,C,6-9,220,KK Sonik Puntamika,Zagreb,"2011 NBA Draft, Undrafted",Croatia
2020,Emil Savic,G,6-6,208,KK Velika Gorica,Zagreb,"2020 NBA Draft, Undrafted",Croatia
2020,Henrik Sirko,F,6-6,208,GKK Sibenk,Sibenik,"2015 NBA Draft, Undrafted",Croatia
2020,Ante Smolic,FC,6-10,265,KK Dubrava Zagreb,Zadar,"2015 NBA Draft, Undrafted",Croatia
2020,Stipe Sokol,C,7-0,-,KK Velika Gorica,Makarska,2027 NBA Draft Eligible,Croatia
2020,Ivan Jaksa Sola,F,6-7,216,KK Dubrava Zagreb,N/A,"2021 NBA Draft, Undrafted",Croatia
2020,Bruno Solomun,C,6-9,232,GKK Sibenk,Zagreb,"2020 NBA Draft, Undrafted",Croatia
2020,Luka Spehar,G,6-5,-,KK Vrijednosnice Osijek,N/A,"2023 NBA Draft, Undrafted",Croatia
2020,Filip Stanic,F,6-5,189,KK Hermes Znalitica,Zagreb,"2013 NBA Draft, Undrafted",Croatia
2020,Kristijan Sutalo,F,6-10,-,KK Hermes Znalitica,N/A,"2012 NBA Draft, Undrafted",Bosnia and Herzegovina
2020,Ivan Svoboda,G,6-3,-,KK Hermes Znalitica,N/A,"2009 NBA Draft, Undrafted",Croatia
2020,Noa Svoboda,G,6-2,-,KK Hermes Znalitica,N/A,2025 NBA Draft Eligible,Croatia
2020,Matej Tokic,F,6-8,-,KK Vrijednosnice Osijek,N/A,2024 NBA Draft Eligible,Croatia
2020,Luka Tomas,G,6-4,-,KK Zabok,Koprivnica,"2021 NBA Draft, Undrafted",Croatia
2020,Mladen Tomasevic,F,6-8,-,KK Alkar,N/A,2025 NBA Draft Eligible,Croatia
2020,Marin Tomic,F,6-8,-,KK Hermes Znalitica,N/A,"2021 NBA Draft, Undrafted",Croatia
2020,Tadej Tomljenovic,F,6-4,-,KK Vrijednosnice Osijek,N/A,2024 NBA Draft Eligible,Croatia
2020,Djordje Topolovic,FC,6-10,-,KK Vrijednosnice Osijek,Gradiska,"2023 NBA Draft, Undrafted",Bosnia and Herzegovina
2020,Martin Tuden,G,6-0,177,KK Zabok,N/A,"2019 NBA Draft, Undrafted",Croatia
2020,Roko Ukic,G,6-5,183,KK Split,Split,2005 Rnd 2 Pick 11,Croatia
2020,Karlo Uljarevic,G,6-2,174,KK Velika Gorica,Osijek,"2020 NBA Draft, Undrafted",Croatia
2020,Hasan Varence,F,6-6,200,KK Alkar,Queens (NY),"2020 NBA Draft, Undrafted",United States
2020,Martin Vedris,F,6-4,-,KK Vrijednosnice Osijek,N/A,"2022 NBA Draft, Undrafted",Croatia
2020,Jakov Vladovic,G,6-1,190,KK Sonik Puntamika,Zadar,"2005 NBA Draft, Undrafted",Croatia
2020,Vito Vlahovec,G,6-0,-,KK Dubrava Zagreb,N/A,"2023 NBA Draft, Undrafted",Croatia
2020,Marko Vlaic,F,6-6,-,GKK Sibenk,N/A,"2022 NBA Draft, Undrafted",Croatia
2020,Ivan Vranes,C,6-10,246,GKK Sibenk,Zadar,"2018 NBA Draft, Undrafted",Croatia
2020,Antonio Vrankovic,C,7-0,269,KK Split,Minneapolis (MN),"2019 NBA Draft, Undrafted",United StatesCroatia
2020,Ivan Vrgoc,F,6-7,202,KK Skrljevo,Split,"2021 NBA Draft, Undrafted",Croatia
2020,Marin Vrucinic,F,6-6,181,KK Sonik Puntamika,Split,"2019 NBA Draft, Undrafted",Croatia
2020,Hrvoje Vucic,C,7-1,245,KK Alkar,Split,"2014 NBA Draft, Undrafted",Croatia
2020,Ivan Vucic,F,6-5,205,KK Alkar,Zagreb,"2018 NBA Draft, Undrafted",Croatia
2020,Luka Vucic,F,6-6,-,KK Skrljevo,Rijeka,"2021 NBA Draft, Undrafted",Croatia
2020,Mate Vucic,FC,6-8,-,KK Cibona,N/A,"2018 NBA Draft, Undrafted",Croatia
2020,Fran Vujic,G,6-1,-,KK Dubrava Zagreb,Zagreb,"2020 NBA Draft, Undrafted",Croatia
2020,Filip Vujicic,G,6-4,-,KK Zadar,N/A,"2022 NBA Draft, Undrafted",Croatia
2020,Vito Vujovic,G,6-7,200,KK Cibona,Zagreb,2026 NBA Draft Eligible,Croatia
2020,Domagoj Vukovic,F,6-10,-,KK Zadar,Rijeka,"2015 NBA Draft, Undrafted",Croatia
2020,Eyassu Worku,G,6-2,175,KK Zabok,Los Alamitos (CA),"2020 NBA Draft, Undrafted",United StatesEthiopia
2020,Dominik Zelanto,F,6-5,-,KK Sonik Puntamika,N/A,"2022 NBA Draft, Undrafted",Croatia
2020,Ivan Zivkovic,F,6-7,-,GKK Sibenk,N/A,2024 NBA Draft Eligible,Croatia
2020,Daniel Zovko,C,6-9,-,KK Sonik Puntamika,Grafelfing,"2016 NBA Draft, Undrafted",CroatiaGermany
2020,Ivo Zukanovic,G,6-3,-,KK Alkar,N/A,2024 NBA Draft Eligible,Croatia
2021,Taylor Adway,F,6-8,220,KK Skrljevo,Chicago (IL),"2019 NBA Draft, Undrafted",United States
2021,Ahmed Ali,G,5-11,170,KK Alkar,Toronto,"2022 NBA Draft, Undrafted",Canada
2021,Martin Alic,-,-,-,KK Sonik Puntamika,N/A,2027 NBA Draft Eligible,Croatia
2021,Frane Antic,C,6-10,-,GKK Sibenk,N/A,2025 NBA Draft Eligible,Croatia
2021,Andro Antonic,GF,6-4,163,KK Zabok,Maribor,"2023 NBA Draft, Undrafted",Slovenia
2021,Andro Anzulovic,G,6-4,200,KK Dubrava Zagreb,Zagreb,"2013 NBA Draft, Undrafted",Croatia
2021,Adnan Arslanagic,G,6-0,181,GKK Sibenk,Sarajevo,"2019 NBA Draft, Undrafted",Bosnia and Herzegovina
2021,Jake Babic,G,6-5,180,KK Dubrava Zagreb,Oakville,"2019 NBA Draft, Undrafted",Canada
2021,Luka Babic,F,6-6,190,KK Split,Split,"2013 NBA Draft, Undrafted",Croatia
2021,Luka Babic,F,6-7,-,KK Bosco Zagreb,N/A,"2022 NBA Draft, Undrafted",Sweden
2021,Petar Babic,G,6-2,196,KK Bosco Zagreb,Zagreb,"2007 NBA Draft, Undrafted",Croatia
2021,Darko Bajo,F,6-10,214,KK Split,Nova Bila,"2021 NBA Draft, Undrafted",CroatiaBosnia and Herzegovina
2021,Marko Bakovic,FC,6-8,188,KK Velika Gorica,Tomislavgrad,"2015 NBA Draft, Undrafted",Bosnia and HerzegovinaCroatia
2021,Emilio Banic,F,6-6,-,KK Sonik Puntamika,Zadar,"2015 NBA Draft, Undrafted",Croatia
2021,Nejc Baric,G,6-0,-,KK Split,Trbovlje,"2019 NBA Draft, Undrafted",Slovenia
2021,Josip Barnjak,GF,6-3,198,KK Skrljevo,Kaiserslautern,"2020 NBA Draft, Undrafted",GermanyCroatia
2021,Domagoj Basic,G,6-4,188,GKK Sibenk,Zagreb,"2008 NBA Draft, Undrafted",Croatia
2021,Sime Basic,F,6-5,-,KK Sonik Puntamika,N/A,2026 NBA Draft Eligible,Croatia
2021,Josip Batinic,G,6-4,204,KK Cedevita Olimpija Junior,Mostar,"2021 NBA Draft, Undrafted",Bosnia and HerzegovinaCroatia
2021,Ivan Batur,F,6-7,185,KK Velika Gorica,Zadar,"2013 NBA Draft, Undrafted",Croatia
2021,Ante Beljan,F,6-8,220,KK Zadar,Trogir,2026 NBA Draft Eligible,Croatia
2021,Edi Besic,G,6-3,-,KK Skrljevo,N/A,"2022 NBA Draft, Undrafted",Croatia
2021,Filip Bjelanovic,G,6-5,-,KK Dubrava Zagreb,N/A,2024 NBA Draft Eligible,Croatia
2021,Karlo Borovcak,F,-,-,KK Zabok,N/A,2024 NBA Draft Eligible,Croatia
2021,Vigor Borovcak,F,6-6,-,KK Zabok,N/A,2028 NBA Draft Eligible,Croatia
2021,Marko Bosnjak,F,6-6,-,KK Vrijednosnice Osijek,Mostar,"2022 NBA Draft, Undrafted",Bosnia and Herzegovina
2021,Matej Bosnjak,C,6-9,-,KK Cedevita Olimpija Junior,N/A,2024 NBA Draft Eligible,Croatia
2021,Duje Brala,G,6-5,180,KK Zadar,Zadar,2025 NBA Draft Eligible,Croatia
2021,Danko Brankovic,C,7-1,208,KK Cibona,Zagreb,"2022 NBA Draft, Undrafted",Croatia
2021,Srdan Brocic,G,6-0,-,KK Zabok,N/A,"2021 NBA Draft, Undrafted",Croatia
2021,Borna Brzoja,F,-,-,KK Sonik Puntamika,N/A,2027 NBA Draft Eligible,Croatia
2021,Luka Bubic,-,-,-,KK Sonik Puntamika,N/A,2026 NBA Draft Eligible,Croatia
2021,Veljko Budimir,F,6-7,216,KK Zabok,N/A,"2007 NBA Draft, Undrafted",Croatia
2021,Tomislav Mihael Buljan,F,6-9,-,KK Zadar,N/A,2024 NBA Draft Eligible,Croatia
2021,Lovro Buljevic,C,6-11,212,KK Zabok,Zagreb,"2020 NBA Draft, Undrafted",Croatia
2021,Luksa Buljevic,F,6-7,-,KK Zabok,N/A,2024 NBA Draft Eligible,Croatia
2021,Filip Bundovic,F,6-7,205,KK Cedevita Olimpija Junior,Zagreb,"2016 NBA Draft, Undrafted",Croatia
2021,Aleksandar Bursac,F,6-8,205,KK Zadar,Ruma,"2017 NBA Draft, Undrafted",Serbia
2021,Sani Campara,G,6-3,185,KK Split,Sarajevo,"2021 NBA Draft, Undrafted",Bosnia and Herzegovina
2021,Justin Carter,GF,6-4,200,KK Zadar,Gaithersburg (MD),"2010 NBA Draft, Undrafted",United States
2021,Jakov Cengic,-,-,-,KK Bosco Zagreb,N/A,"2023 NBA Draft, Undrafted",Croatia
2021,Dino Cinac,F,6-7,-,KK Velika Gorica,N/A,"2010 NBA Draft, Undrafted",Croatia
2021,Anthony Collins,G,6-1,175,KK Dubrava Zagreb,Houston (TX),"2016 NBA Draft, Undrafted",United States
2021,Spencer Collins,G,6-4,195,KK Alkar,Easley (SC),"2016 NBA Draft, Undrafted",United States
2021,Luka Cosic,G,6-2,-,KK Skrljevo,N/A,"2022 NBA Draft, Undrafted",Croatia
2021,Ante Covic,F,6-9,206,KK Bosco Zagreb,N/A,2026 NBA Draft Eligible,Bosnia and Herzegovina
2021,Antonio Crnjevic,F,6-6,200,KK Zabok,Zabok,"2016 NBA Draft, Undrafted",Croatia
2021,Toni Cutuk,F,6-7,215,KK Sonik Puntamika,Mostar,"2021 NBA Draft, Undrafted",Bosnia and HerzegovinaCroatia
2021,Zvonimir Cutuk,C,6-9,-,KK Zabok,N/A,"2016 NBA Draft, Undrafted",Croatia
2021,Tomislav Cvitkovic,F,6-9,-,KK Velika Gorica,Karlovac,"2020 NBA Draft, Undrafted",Croatia
2021,Ilija Dokovic,G,6-2,218,KK Split,Jagodina,"2018 NBA Draft, Undrafted",Serbia
2021,Arian Dosen,G,6-2,188,KK Alkar,Osijek,"2018 NBA Draft, Undrafted",Croatia
2021,Dario Dreznjak,F,6-2,185,KK Zadar,Mostar,"2020 NBA Draft, Undrafted",Bosnia and HerzegovinaCroatia
2021,Mateo Dreznjak,F,6-5,196,KK Cibona,Mostar,"2021 NBA Draft, Undrafted",Bosnia and HerzegovinaCroatia
2021,Stipe Dugandzic,G,5-11,-,KK Vrijednosnice Osijek,N/A,2026 NBA Draft Eligible,Bosnia and HerzegovinaCroatia
2021,Dragan Dzajic,G,6-2,-,KK Vrijednosnice Osijek,Split,"2022 NBA Draft, Undrafted",CroatiaBosnia and Herzegovina
2021,Franjo Elcic,F,6-7,-,KK Zabok,N/A,2027 NBA Draft Eligible,Croatia
2021,Franko Filipovic,F,6-8,-,KK Vrijednosnice Osijek,Rijeka,"2009 NBA Draft, Undrafted",Croatia
2021,Goran Filipovic,G,5-11,174,KK Cedevita Olimpija Junior,Split,"2018 NBA Draft, Undrafted",Croatia
2021,Jarvis Garrett,G,6-0,175,KK Zabok,Milwaukee (WI),"2018 NBA Draft, Undrafted",United States
2021,Amar Gegic,G,6-7,181,KK Cibona,Stuttgart,"2020 NBA Draft, Undrafted",GermanyBosnia and Herzegovina
2021,Dominic Gilbert,F,6-6,216,KK Alkar,Sydney,"2018 NBA Draft, Undrafted",Australia
2021,Roko Gizdavcic,G,6-3,-,KK Alkar,Split,"2023 NBA Draft, Undrafted",Croatia
2021,Lovro Gnjidic,GF,6-6,190,KK Cibona,Zagreb,"2023 NBA Draft, Undrafted",Croatia
2021,Matija Gnjidic,G,5-10,-,KK Dubrava Zagreb,N/A,2025 NBA Draft Eligible,Croatia
2021,Ante Gospic,F,6-8,235,KK Sonik Puntamika,Zadar,"2013 NBA Draft, Undrafted",Croatia
2021,Sime Grgurica,F,6-7,-,GKK Sibenk,N/A,2026 NBA Draft Eligible,Croatia
2021,Mladen Grusanovis,G,6-8,210,KK Vrijednosnice Osijek,Sabac,"2019 NBA Draft, Undrafted",Serbia
2021,Ivan Gulin,GF,6-7,180,GKK Sibenk,N/A,"2023 NBA Draft, Undrafted",Croatia
2021,Jure Gunjina,F,6-8,205,KK Zabok,Zagreb,"2016 NBA Draft, Undrafted",Croatia
2021,Jahshire Hardnett,G,5-11,193,KK Dubrava Zagreb,Gulfport (MS),"2020 NBA Draft, Undrafted",United States
2021,Kevon Harris,F,6-5,216,KK Zadar,Lithonia (GA),"2020 NBA Draft, Undrafted",United States
2021,Chris Hortman,G,6-3,190,KK Skrljevo,Milwaukee (WI),"2013 NBA Draft, Undrafted",United States
2021,Domagoj Horvat,G,6-4,-,KK Dubrava Zagreb,N/A,2025 NBA Draft Eligible,Croatia
2021,Nikola Ivanetic,G,6-5,-,KK Velika Gorica,N/A,2024 NBA Draft Eligible,Croatia
2021,Fran Jacovic,F,6-7,-,KK Zabok,N/A,"2021 NBA Draft, Undrafted",Croatia
2021,Patrik Jambrovic,F,6-8,205,GKK Sibenk,Cakovec,"2018 NBA Draft, Undrafted",Croatia
2021,Andrej Jelavic,C,6-10,-,KK Cedevita Olimpija Junior,N/A,2026 NBA Draft Eligible,Croatia
2021,Toni Jelenkovic,G,5-11,170,KK Skrljevo,Zadar,"2019 NBA Draft, Undrafted",Croatia
2021,Shawn Jones,F,6-8,240,KK Split,Hialeah (FL),"2014 NBA Draft, Undrafted",United StatesKosovo
2021,Antonio Jordano,G,6-2,170,KK Zadar,Rijeka,"2021 NBA Draft, Undrafted",Croatia
2021,Filip Josic,G,6-2,-,KK Sonik Puntamika,N/A,"2018 NBA Draft, Undrafted",Croatia
2021,Josip Jukic,C,6-10,222,KK Split,Split,"2018 NBA Draft, Undrafted",Croatia
2021,Mirko Jukic,F,6-6,-,KK Alkar,N/A,2024 NBA Draft Eligible,Serbia
2021,Martin Junakovic,G,6-2,195,KK Zadar,Sibenik,"2016 NBA Draft, Undrafted",Croatia
2021,Borna Jurela,G,6-5,-,KK Alkar,N/A,"2022 NBA Draft, Undrafted",Croatia
2021,Ivan Jurela,GF,6-5,-,KK Alkar,N/A,"2022 NBA Draft, Undrafted",Croatia
2021,Marin Juric,G,6-4,-,KK Vrijednosnice Osijek,N/A,2025 NBA Draft Eligible,Croatia
2021,Marko Juric,G,6-3,-,KK Zabok,N/A,"2021 NBA Draft, Undrafted",Croatia
2021,Filip Kalajzic,F,6-9,-,KK Cibona,N/A,2025 NBA Draft Eligible,Croatia
2021,Mate Kalajzic,G,6-2,174,KK Velika Gorica,Split,"2020 NBA Draft, Undrafted",Croatia
2021,Borna Kapusta,G,6-0,-,KK Velika Gorica,Koprivnica,"2018 NBA Draft, Undrafted",Croatia
2021,Kenan Karahodzic,C,6-10,230,KK Dubrava Zagreb,Backa Topola,"2018 NBA Draft, Undrafted",SerbiaBosnia and Herzegovina
2021,Luka Katura,G,6-4,207,KK Bosco Zagreb,Zagreb,"2011 NBA Draft, Undrafted",Croatia
2021,Mateo Kedzo,F,6-9,251,KK Split,Split,"2006 NBA Draft, Undrafted",Croatia
2021,Sime Keserovic,F,6-6,-,KK Sonik Puntamika,N/A,"2023 NBA Draft, Undrafted",Croatia
2021,Krsevan Klarica,F,6-5,-,KK Zadar,N/A,2025 NBA Draft Eligible,Croatia
2021,Antonio Klarin,G,6-1,-,GKK Sibenk,N/A,2025 NBA Draft Eligible,Croatia
2021,Davor Konjevic,GF,6-6,191,KK Velika Gorica,Rijeka,"2012 NBA Draft, Undrafted",Croatia
2021,Marat Kos,G,6-3,-,KK Bosco Zagreb,N/A,2028 NBA Draft Eligible,Croatia
2021,Mihael Kos,G,6-5,-,KK Dubrava Zagreb,N/A,2026 NBA Draft Eligible,Croatia
2021,Matej Kostic,G,6-5,-,KK Skrljevo,N/A,2025 NBA Draft Eligible,Croatia
2021,Maj Kovacevic,G,6-3,188,KK Split,Novo Mesto,"2012 NBA Draft, Undrafted",Slovenia
2021,Filip Krajina,C,6-11,-,KK Dubrava Zagreb,Osijek,"2017 NBA Draft, Undrafted",Croatia
2021,Luka Krajinovic,G,6-6,-,KK Zabok,N/A,"2022 NBA Draft, Undrafted",Croatia
2021,Luka Krajnovic,F,6-5,185,KK Cibona,Zagreb,2027 NBA Draft Eligible,Croatia
2021,Ante Krapic,F,6-8,228,KK Bosco Zagreb,Zadar,"2007 NBA Draft, Undrafted",Croatia
2021,Mario Kresevic,G,-,-,KK Skrljevo,N/A,2026 NBA Draft Eligible,Croatia
2021,Jakov Krizan,F,-,-,KK Dubrava Zagreb,N/A,2025 NBA Draft Eligible,Croatia
2021,Stipe Krstanovic,F,6-9,255,KK Alkar,Zagreb,"2015 NBA Draft, Undrafted",Croatia
2021,Kuany Ngor Kuany,F,6-7,201,KK Vrijednosnice Osijek,Melbourne,"2017 NBA Draft, Undrafted",AustraliaSouth Sudan
2021,Vito Kucic,G,6-4,-,KK Cedevita Olimpija Junior,N/A,2024 NBA Draft Eligible,Croatia
2021,Robert Kujundzic,F,6-6,206,GKK Sibenk,Osijek,"2016 NBA Draft, Undrafted",Croatia
2021,Luka Kumanovic,G,6-2,-,KK Dubrava Zagreb,N/A,2025 NBA Draft Eligible,Croatia
2021,Leo Kurepa,G,6-2,-,KK Vrijednosnice Osijek,N/A,2025 NBA Draft Eligible,Croatia
2021,Dario Kuzmanovic,G,6-2,-,KK Bosco Zagreb,N/A,"2020 NBA Draft, Undrafted",Croatia
2021,Bruno Levanic-Kutin,F,6-8,-,KK Zabok,N/A,"2018 NBA Draft, Undrafted",Croatia
2021,Dejan Lez,G,6-1,-,KK Zabok,N/A,"2003 NBA Draft, Undrafted",Croatia
2021,Mihael Linde,G,6-5,-,KK Bosco Zagreb,N/A,2025 NBA Draft Eligible,Croatia
2021,Sime Lisica,G,6-3,-,KK Alkar,N/A,"2020 NBA Draft, Undrafted",Croatia
2021,Simun Loncar,G,6-4,-,KK Sonik Puntamika,N/A,2027 NBA Draft Eligible,Croatia
2021,Romain Louiserre,GF,6-7,210,KK Alkar,Lyon,"2019 NBA Draft, Undrafted",France
2021,Karlo Lukacic,G,6-3,-,KK Alkar,N/A,"2023 NBA Draft, Undrafted",Croatia
2021,Uros Lukovic,C,7-0,220,KK Zadar,Belgrade,"2011 NBA Draft, Undrafted",Serbia
2021,Marino Macan,F,6-7,-,KK Bosco Zagreb,N/A,"2023 NBA Draft, Undrafted",Croatia
2021,Ivan Majcunic,G,6-4,-,KK Cibona,Zagreb,"2018 NBA Draft, Undrafted",Croatia
2021,Ivan Majic,G,6-4,-,KK Velika Gorica,Zagreb,"2020 NBA Draft, Undrafted",Croatia
2021,Jackson Makoi,GF,6-5,175,KK Vrijednosnice Osijek,Melbourne,"2022 NBA Draft, Undrafted",Australia
2021,Lovro Mandainic,GF,6-6,-,KK Dubrava Zagreb,N/A,"2018 NBA Draft, Undrafted",Croatia
2021,Niko Manojlovic,F,6-3,-,KK Sonik Puntamika,N/A,"2023 NBA Draft, Undrafted",Croatia
2021,Pavle Marcinkovic,F,6-5,196,KK Split,Zadar,"2011 NBA Draft, Undrafted",Croatia
2021,Gabriel Maric,F,6-8,180,KK Sonik Puntamika,Sinj,"2021 NBA Draft, Undrafted",Croatia
2021,Igor Maric,F,6-5,192,KK Cibona,Banja Luka,"2004 NBA Draft, Undrafted",Bosnia and Herzegovina
2021,Marin Maric,C,6-11,240,KK Split,Split,"2018 NBA Draft, Undrafted",Croatia
2021,Petar Maric,G,6-6,231,KK Sonik Puntamika,Zadar,"2009 NBA Draft, Undrafted",Croatia
2021,Paolo Marinelli,G,6-4,181,KK Skrljevo,Rijeka,"2017 NBA Draft, Undrafted",Croatia
2021,Damir Markota,F,6-10,260,KK Dubrava Zagreb,Sarajevo,2006 Rnd 2 Pick 29,CroatiaSweden
2021,Ivan Martinko,G,6-2,184,KK Zabok,Zabok,"2020 NBA Draft, Undrafted",Croatia
2021,Ante Masic,F,6-5,205,KK Velika Gorica,Tomislavgrad,"2007 NBA Draft, Undrafted",Bosnia and Herzegovina
2021,Vatroslav Mastelic,F,6-4,-,KK Alkar,N/A,2027 NBA Draft Eligible,Croatia
2021,Andrej Matic,G,5-10,-,KK Bosco Zagreb,N/A,2025 NBA Draft Eligible,Croatia
2021,Dominik Mavra,F,6-4,202,KK Zadar,Zadar,"2016 NBA Draft, Undrafted",Croatia
2021,Four McGlynn,G,6-2,180,KK Alkar,York (PA),"2016 NBA Draft, Undrafted",United States
2021,Tre McLean,GF,6-5,195,KK Split,Charleston (SC),"2017 NBA Draft, Undrafted",United States
2021,Ivan Milicevic,F,6-9,225,KK Cedevita Olimpija Junior,Kiseljak,"2017 NBA Draft, Undrafted",Bosnia and Herzegovina
2021,Frano Miloloza,F,6-4,-,KK Velika Gorica,N/A,2024 NBA Draft Eligible,Croatia
2021,Sime Mrkic,-,-,-,KK Sonik Puntamika,N/A,2025 NBA Draft Eligible,Croatia
2021,Jakov Mustapic,G,6-4,198,KK Cibona,Zagreb,"2016 NBA Draft, Undrafted",Croatia
2021,Toni Nakic,G,6-8,196,KK Cibona,Sibenik,"2021 NBA Draft, Undrafted",Croatia
2021,Ivan Nazor,G,5-11,-,KK Dubrava Zagreb,N/A,2024 NBA Draft Eligible,Croatia
2021,Lazar Nekic,C,7-0,232,KK Vrijednosnice Osijek,Belgrade,"2022 NBA Draft, Undrafted",Serbia
2021,Dino Nincevic,G,6-2,-,KK Sonik Puntamika,N/A,"2023 NBA Draft, Undrafted",Croatia
2021,Ivan Novacic,F,6-7,196,KK Cibona,Zadar,"2007 NBA Draft, Undrafted",Croatia
2021,Marin Obradovic,-,-,-,KK Dubrava Zagreb,N/A,2025 NBA Draft Eligible,Croatia
2021,Petar Ogrizovic,G,6-2,198,KK Cedevita Olimpija Junior,Zagreb,"2021 NBA Draft, Undrafted",Croatia
2021,Pavao Paic,C,6-9,225,GKK Sibenk,Sibenik,"2020 NBA Draft, Undrafted",Croatia
2021,Dino Palcic,G,6-1,-,KK Sonik Puntamika,N/A,"2012 NBA Draft, Undrafted",Croatia
2021,Filip Paponja,G,6-2,-,KK Zadar,N/A,2024 NBA Draft Eligible,Croatia
2021,Ivan Pavic,C,6-10,-,KK Vrijednosnice Osijek,N/A,2024 NBA Draft Eligible,Croatia
2021,Daniel Pavicic,G,6-3,-,KK Bosco Zagreb,N/A,"2023 NBA Draft, Undrafted",Croatia
2021,David Pavin,G,5-9,-,KK Sonik Puntamika,N/A,2027 NBA Draft Eligible,Croatia
2021,Ivan Perasovic,F,6-7,198,KK Split,Split,2024 NBA Draft Eligible,Croatia
2021,Stipe Perica,G,5-8,-,KK Velika Gorica,N/A,2026 NBA Draft Eligible,Croatia
2021,Matej Perkovic,C,6-9,228,KK Vrijednosnice Osijek,Livno,"2023 NBA Draft, Undrafted",Bosnia and Herzegovina
2021,Toni Perkovic,G,6-3,183,KK Split,Pula,"2020 NBA Draft, Undrafted",Croatia
2021,Ante Perkusic,F,6-5,-,KK Split,N/A,2024 NBA Draft Eligible,Croatia
2021,Jure Planinic,F,6-10,-,KK Cedevita Olimpija Junior,Mostar,"2022 NBA Draft, Undrafted",Croatia
2021,Juraj Pleadin,G,6-4,180,GKK Sibenk,N/A,2025 NBA Draft Eligible,Croatia
2021,Josip Popic,C,6-9,207,KK Cibona,Graz,"2020 NBA Draft, Undrafted",Austria
2021,Vito Porobic,G,6-6,-,KK Vrijednosnice Osijek,N/A,"2023 NBA Draft, Undrafted",Croatia
2021,Frano Pralija,G,6-3,-,KK Alkar,N/A,"2023 NBA Draft, Undrafted",Croatia
2021,Marko Prelec,F,6-8,-,KK Dubrava Zagreb,N/A,"2023 NBA Draft, Undrafted",Croatia
2021,Roko Prkacin,C,6-9,234,KK Cibona,Zagreb,2024 NBA Draft Eligible,Croatia
2021,Marko Prskalo,F,6-6,195,KK Sonik Puntamika,Mostar,"2020 NBA Draft, Undrafted",Bosnia and HerzegovinaCroatia
2021,Duje Putnik,F,6-7,-,KK Alkar,N/A,"2023 NBA Draft, Undrafted",Croatia
2021,Duje Radja,FC,6-8,235,KK Dubrava Zagreb,Split,"2021 NBA Draft, Undrafted",Croatia
2021,Kresimir Radovcic,G,6-5,194,KK Cibona,Sibenik,"2019 NBA Draft, Undrafted",Croatia
2021,Rok Radovic,G,6-7,190,KK Cedevita Olimpija Junior,Ljubljana,"2023 NBA Draft, Undrafted",Slovenia
2021,Filip Radulovic,G,6-1,180,KK Zabok,Zagreb,2027 NBA Draft Eligible,Croatia
2021,Mario Rajcic,F,6-6,-,KK Skrljevo,N/A,"2022 NBA Draft, Undrafted",Croatia
2021,Sandro Rasic,G,6-5,-,KK Cedevita Olimpija Junior,N/A,"2023 NBA Draft, Undrafted",Croatia
2021,Bruno Rebic,G,6-4,-,GKK Sibenk,N/A,"2021 NBA Draft, Undrafted",Croatia
2021,Nate Reuvers,F,6-11,235,KK Cibona,Lakeville (MN),"2021 NBA Draft, Undrafted",United States
2021,Lovre Runjic,F,6-6,-,KK Split,N/A,"2022 NBA Draft, Undrafted",Croatia
2021,Emir Sabic,G,6-3,185,KK Cedevita Olimpija Junior,Zagreb,"2019 NBA Draft, Undrafted",Croatia
2021,Stefan Sajin,F,6-9,210,KK Skrljevo,Pancevo,"2015 NBA Draft, Undrafted",Serbia
2021,Dom Samac,F,6-9,215,KK Dubrava Zagreb,Zagreb,"2016 NBA Draft, Undrafted",Croatia
2021,Viktor Saric,C,6-8,204,KK Alkar,Split,"2023 NBA Draft, Undrafted",Croatia
2021,Marino Sarlija,C,6-9,220,KK Sonik Puntamika,Zagreb,"2011 NBA Draft, Undrafted",Croatia
2021,Emil Savic,G,6-6,208,KK Velika Gorica,Zagreb,"2020 NBA Draft, Undrafted",Croatia
2021,Renato Serdarusic,F,6-5,-,KK Cedevita Olimpija Junior,N/A,"2023 NBA Draft, Undrafted",Croatia
2021,Shannon Shorter,G,6-4,200,KK Split,Houston (TX),"2011 NBA Draft, Undrafted",United States
2021,Antonio Sikiric,F,6-5,-,KK Zadar,N/A,2025 NBA Draft Eligible,Croatia
2021,Stefan Simanic,C,6-10,-,KK Vrijednosnice Osijek,N/A,"2023 NBA Draft, Undrafted",Bosnia and Herzegovina
2021,Stefan Sinovec,G,6-4,190,GKK Sibenk,Belgrade,"2010 NBA Draft, Undrafted",Serbia
2021,Fabian Sisko,F,6-7,-,KK Split,N/A,2025 NBA Draft Eligible,Croatia
2021,Josip Skara,GF,6-4,-,KK Dubrava Zagreb,N/A,"2016 NBA Draft, Undrafted",Croatia
2021,Nik Slavica,F,6-9,200,KK Skrljevo,Sibenik,"2019 NBA Draft, Undrafted",Croatia
2021,Leon Sljivaric,F,6-8,-,KK Bosco Zagreb,N/A,2026 NBA Draft Eligible,Croatia
2021,Sven Smajlagic,G,6-5,205,KK Cedevita Olimpija Junior,Zagreb,"2012 NBA Draft, Undrafted",Croatia
2021,Ante Smolic,FC,6-10,265,KK Bosco Zagreb,Zadar,"2015 NBA Draft, Undrafted",Croatia
2021,Stipe Sokol,C,7-0,-,KK Velika Gorica,Makarska,2027 NBA Draft Eligible,Croatia
2021,Bruno Solomun,C,6-9,232,GKK Sibenk,Zagreb,"2020 NBA Draft, Undrafted",Croatia
2021,Luka Spehar,G,6-5,-,KK Vrijednosnice Osijek,N/A,"2023 NBA Draft, Undrafted",Croatia
2021,Igor Stojanovic,F,6-5,-,KK Skrljevo,N/A,"2021 NBA Draft, Undrafted",Croatia
2021,Boze Talaja,F,-,-,KK Alkar,N/A,2024 NBA Draft Eligible,Croatia
2021,Devon Thomas,G,6-0,175,GKK Sibenk,Silver Spring (MD),"2017 NBA Draft, Undrafted",United States
2021,Trevor Thompson,F,7-0,250,KK Zadar,Indianapolis (IN),"2017 NBA Draft, Undrafted",United States
2021,Bojan Tisma,-,-,-,KK Dubrava Zagreb,N/A,2026 NBA Draft Eligible,Croatia
2021,Matej Tokic,F,6-8,-,KK Vrijednosnice Osijek,N/A,2024 NBA Draft Eligible,Croatia
2021,Luka Tomas,G,6-4,-,KK Velika Gorica,Koprivnica,"2021 NBA Draft, Undrafted",Croatia
2021,Mladen Tomasevic,F,6-8,-,KK Alkar,N/A,2025 NBA Draft Eligible,Croatia
2021,Mihael Tomic,F,6-9,-,KK Bosco Zagreb,N/A,2026 NBA Draft Eligible,Croatia
2021,Tadej Tomljenovic,F,6-4,-,KK Vrijednosnice Osijek,N/A,2024 NBA Draft Eligible,Croatia
2021,Djordje Topolovic,FC,6-10,-,KK Vrijednosnice Osijek,Gradiska,"2023 NBA Draft, Undrafted",Bosnia and Herzegovina
2021,Roko Ukic,G,6-5,183,KK Split,Split,2005 Rnd 2 Pick 11,Croatia
2021,Karlo Uljarevic,G,6-2,174,KK Velika Gorica,Osijek,"2020 NBA Draft, Undrafted",Croatia
2021,Mateo Vidovic,G,6-5,176,KK Dubrava Zagreb,Dubrovnik,"2021 NBA Draft, Undrafted",Croatia
2021,Jose Vildoza,G,6-3,188,KK Cibona,Cordoba,"2018 NBA Draft, Undrafted",Argentina
2021,Marko Vlaic,F,6-6,-,GKK Sibenk,N/A,"2022 NBA Draft, Undrafted",Croatia
2021,Filip Vranjes,C,6-10,-,KK Zabok,N/A,"2021 NBA Draft, Undrafted",Croatia
2021,Andro Vrankovic,F,6-5,-,KK Cibona,N/A,"2022 NBA Draft, Undrafted",Croatia
2021,Antonio Vrankovic,C,7-0,269,KK Cibona,Minneapolis (MN),"2019 NBA Draft, Undrafted",United StatesCroatia
2021,Ivan Vrgoc,F,6-7,202,KK Skrljevo,Split,"2021 NBA Draft, Undrafted",Croatia
2021,Zoran Vrkic,G,6-4,193,KK Alkar,Rijeka,"2009 NBA Draft, Undrafted",Croatia
2021,Marin Vrucinic,F,6-6,181,KK Zabok,Split,"2019 NBA Draft, Undrafted",Croatia
2021,Hrvoje Vucic,C,7-1,245,KK Alkar,Split,"2014 NBA Draft, Undrafted",Croatia
2021,Ivan Vucic,F,6-5,205,KK Sonik Puntamika,Zagreb,"2018 NBA Draft, Undrafted",Croatia
2021,Luka Vucic,F,6-6,-,KK Skrljevo,Rijeka,"2021 NBA Draft, Undrafted",Croatia
2021,Filip Vujicic,G,6-4,-,KK Zadar,N/A,"2022 NBA Draft, Undrafted",Croatia
2021,Vito Vujovic,G,6-7,200,KK Cibona,Zagreb,2026 NBA Draft Eligible,Croatia
2021,Tonko Vuko,F,6-8,228,KK Split,Split,"2017 NBA Draft, Undrafted",Croatia
2021,Domagoj Vukovic,F,6-10,-,KK Zadar,Rijeka,"2015 NBA Draft, Undrafted",Croatia
2021,Vice Zanki,G,6-7,-,KK Cedevita Olimpija Junior,Zagreb,2027 NBA Draft Eligible,Croatia
2021,Dominik Zelanto,F,6-5,-,KK Sonik Puntamika,N/A,"2022 NBA Draft, Undrafted",Croatia
2021,Karlo Zganec,F,6-9,225,KK Split,Zagreb,"2017 NBA Draft, Undrafted",Croatia
2021,Ivan Zivkovic,F,6-7,-,GKK Sibenk,N/A,2024 NBA Draft Eligible,Croatia
2021,Daniel Zovko,C,6-9,-,KK Skrljevo,Grafelfing,"2016 NBA Draft, Undrafted",CroatiaGermany
2022,Frane Antic,C,6-10,-,GKK Sibenk,N/A,2025 NBA Draft Eligible,Croatia
2022,Andro Antonic,GF,6-4,163,KK Zabok,Maribor,"2023 NBA Draft, Undrafted",Slovenia
2022,Sandro Antunovic,F,6-8,235,KK Skrljevo,Sarajevo,"2020 NBA Draft, Undrafted",Bosnia and Herzegovina
2022,Andro Anzulovic,G,6-4,200,KK Dinamo,Zagreb,"2013 NBA Draft, Undrafted",Croatia
2022,Aleksandar Aranitovic,G,6-5,201,KK Cibona,Belgrade,"2020 NBA Draft, Undrafted",Serbia
2022,Luka Babic,F,6-7,-,KK Bosco Zagreb,N/A,"2022 NBA Draft, Undrafted",Sweden
2022,Petar Babic,G,6-2,196,KK Bosco Zagreb,Zagreb,"2007 NBA Draft, Undrafted",Croatia
2022,Marko Bakovic,FC,6-8,188,KK Cibona,Tomislavgrad,"2015 NBA Draft, Undrafted",Bosnia and HerzegovinaCroatia
2022,Nejc Baric,G,6-0,-,KK Split,Trbovlje,"2019 NBA Draft, Undrafted",Slovenia
2022,Luka Barisic,F,6-10,240,KK Skrljevo,Osijek,"2022 NBA Draft, Undrafted",Croatia
2022,Vigo Bart,G,5-10,-,KK Skrljevo,N/A,2027 NBA Draft Eligible,Croatia
2022,Lovre Basic,G,6-3,181,KK Alkar,Zadar,"2017 NBA Draft, Undrafted",Croatia
2022,Refik Basic,C,7-0,-,KK Zabok,Zenica,"2017 NBA Draft, Undrafted",Bosnia and Herzegovina
2022,Josip Batinic,G,6-4,204,KK Cedevita Junior Zagreb,Mostar,"2021 NBA Draft, Undrafted",Bosnia and HerzegovinaCroatia
2022,Ivan Batur,F,6-7,185,KK Velika Gorica,Zadar,"2013 NBA Draft, Undrafted",Croatia
2022,Edi Besic,G,6-3,-,KK Skrljevo,N/A,"2022 NBA Draft, Undrafted",Croatia
2022,Tai Bibbs,G,6-3,190,KK Alkar,Chicago (IL),"2022 NBA Draft, Undrafted",United States
2022,Toni Bilic,F,6-8,-,KK Cedevita Junior Zagreb,Trogir,2027 NBA Draft Eligible,Croatia
2022,Filip Bjelanovic,G,6-5,-,KK Dubrava Zagreb,N/A,2024 NBA Draft Eligible,Croatia
2022,Lukas Bobek,F,6-3,-,GKK Sibenk,N/A,2026 NBA Draft Eligible,Croatia
2022,Ivan Bogdanovic,F,6-9,-,KK Cedevita Junior Zagreb,Dubrovnik,"2016 NBA Draft, Undrafted",Croatia
2022,Tim Bond,G,6-7,160,KK Zabok,Baltimore (MD),"2018 NBA Draft, Undrafted",United States
2022,Vigor Borovcak,F,6-6,-,KK Zabok,N/A,2028 NBA Draft Eligible,Croatia
2022,Matej Bosnjak,C,6-9,-,KK Dubrava Zagreb,N/A,2024 NBA Draft Eligible,Croatia
2022,Luka Bozic,G,6-5,195,KK Zadar,Bjelovar,"2017 NBA Draft, Undrafted",Croatia
2022,Ante Brajkovic,G,5-9,-,GKK Sibenk,N/A,2027 NBA Draft Eligible,Croatia
2022,Natan Brcic,G,5-11,-,KK Dubrava Zagreb,N/A,"2023 NBA Draft, Undrafted",Croatia
2022,Srdan Brocic,G,6-0,-,GKK Sibenk,N/A,"2021 NBA Draft, Undrafted",Croatia
2022,George Brock,G,5-11,160,KK Alkar,New Orleans (LA),"2018 NBA Draft, Undrafted",United States
2022,Luksa Buljevic,F,6-7,-,KK Zabok,N/A,2024 NBA Draft Eligible,Croatia
2022,Filip Bundovic,F,6-7,205,KK Cibona,Zagreb,"2016 NBA Draft, Undrafted",Croatia
2022,Romelo Burrell,F,6-7,189,KK Dinamo,Chicago (IL),"2022 NBA Draft, Undrafted",United States
2022,Frane Butorac,G,6-4,-,KK Skrljevo,N/A,2026 NBA Draft Eligible,Croatia
2022,Sani Campara,G,6-3,185,KK Zadar,Sarajevo,"2021 NBA Draft, Undrafted",Bosnia and Herzegovina
2022,Sasa Ciani,C,6-9,240,KK Cedevita Junior Zagreb,Sempeter-Vrtojba,2027 NBA Draft Eligible,Slovenia
2022,Dino Cinac,F,6-7,-,KK Velika Gorica,N/A,"2010 NBA Draft, Undrafted",Croatia
2022,Luka Cosic,G,6-2,-,KK Skrljevo,N/A,"2022 NBA Draft, Undrafted",Croatia
2022,Ante Covic,F,6-9,206,KK Bosco Zagreb,N/A,2026 NBA Draft Eligible,Bosnia and Herzegovina
2022,Antonio Crnjevic,F,6-6,200,KK Zabok,Zabok,"2016 NBA Draft, Undrafted",Croatia
2022,Luka Cvitanovic,G,6-4,-,KK Dinamo,Zagreb,"2022 NBA Draft, Undrafted",Croatia
2022,Tomislav Cvitkovic,F,6-9,-,KK Dinamo,Karlovac,"2020 NBA Draft, Undrafted",Croatia
2022,"Juan Davis, Jr.",F,6-8,205,KK Zadar,West Point (MS),"2018 NBA Draft, Undrafted",United States
2022,Ante Delas,G,6-6,195,KK Ribola Kastela,Solin,"2010 NBA Draft, Undrafted",Croatia
2022,Nikola Djogo,G,6-8,230,KK Split,Stoney Creek,"2022 NBA Draft, Undrafted",Canada
2022,Dario Dreznjak,F,6-2,185,KK Zadar,Mostar,"2020 NBA Draft, Undrafted",Bosnia and HerzegovinaCroatia
2022,Marino Dubravcic,C,6-9,-,KK Split,N/A,2026 NBA Draft Eligible,Croatia
2022,Stipe Dugandzic,G,5-11,-,KK Dinamo,N/A,2026 NBA Draft Eligible,Bosnia and HerzegovinaCroatia
2022,Naba Echols,G,5-11,158,GKK Sibenk,Memphis (TN),"2019 NBA Draft, Undrafted",United States
2022,Luka Francesevic,G,6-3,-,KK Cibona,N/A,2027 NBA Draft Eligible,Croatia
2022,Roko Galic,F,6-6,-,KK Ribola Kastela,N/A,"2019 NBA Draft, Undrafted",Croatia
2022,Hrvoje Garfolic,F,6-5,-,KK Dinamo,N/A,"2012 NBA Draft, Undrafted",Croatia
2022,Jarvis Garrett,G,6-0,175,KK Zabok,Milwaukee (WI),"2018 NBA Draft, Undrafted",United States
2022,Roko Gizdavcic,G,6-3,-,KK Split,Split,"2023 NBA Draft, Undrafted",Croatia
2022,R.J. Glasper,G,6-0,180,KK Zabok,Forrest City (AR),"2022 NBA Draft, Undrafted",United States
2022,Sime Grgurica,F,6-7,-,GKK Sibenk,N/A,2026 NBA Draft Eligible,Croatia
2022,Ivan Gulin,GF,6-7,180,KK Skrljevo,N/A,"2023 NBA Draft, Undrafted",Croatia
2022,Jure Gunjina,F,6-8,205,KK Velika Gorica,Zagreb,"2016 NBA Draft, Undrafted",Croatia
2022,Tank Hemphill,GF,6-6,200,KK Bosco Zagreb,Gary (IN),"2022 NBA Draft, Undrafted",United States
2022,Taveion Hollingsworth,G,6-2,165,KK Dubrava Zagreb,Lexington (KY),"2021 NBA Draft, Undrafted",United States
2022,Myles Howard,C,6-9,201,GKK Sibenk,Chicago (IL),"2020 NBA Draft, Undrafted",United States
2022,Fran Jacovic,F,6-7,-,KK Zabok,N/A,"2021 NBA Draft, Undrafted",Croatia
2022,Patrik Jambrovic,F,6-8,205,GKK Sibenk,Cakovec,"2018 NBA Draft, Undrafted",Croatia
2022,Toni Jelenkovic,G,5-11,170,KK Velika Gorica,Zadar,"2019 NBA Draft, Undrafted",Croatia
2022,Martin Jelic,GF,6-5,218,KK Skrljevo,N/A,"2012 NBA Draft, Undrafted",Croatia
2022,Antonio Jordano,G,6-2,170,KK Zadar,Rijeka,"2021 NBA Draft, Undrafted",Croatia
2022,Josip Jukic,C,6-10,222,KK Split,Split,"2018 NBA Draft, Undrafted",Croatia
2022,Mirko Jukic,F,6-6,-,KK Alkar,N/A,2024 NBA Draft Eligible,Serbia
2022,Ivan Juric,C,6-11,229,KK Dubrava Zagreb,N/A,2028 NBA Draft Eligible,Croatia
2022,Marko Juric,G,6-3,-,KK Bosco Zagreb,N/A,"2021 NBA Draft, Undrafted",Croatia
2022,Filip Kalajzic,F,6-9,-,KK Dubrava Zagreb,N/A,2025 NBA Draft Eligible,Croatia
2022,Mate Kalajzic,G,6-2,174,KK Split,Split,"2020 NBA Draft, Undrafted",Croatia
2022,Stjepan Kalamiza,G,6-0,-,KK Dubrava Zagreb,N/A,2026 NBA Draft Eligible,Croatia
2022,Borna Kapusta,G,6-0,-,KK Cibona,Koprivnica,"2018 NBA Draft, Undrafted",Croatia
2022,Kenan Karahodzic,C,6-10,230,KK Dubrava Zagreb,Backa Topola,"2018 NBA Draft, Undrafted",SerbiaBosnia and Herzegovina
2022,Luka Katura,G,6-4,207,KK Bosco Zagreb,Zagreb,"2011 NBA Draft, Undrafted",Croatia
2022,Mateo Kedzo,F,6-9,251,KK Split,Split,"2006 NBA Draft, Undrafted",Croatia
2022,Krsevan Klarica,F,6-5,-,KK Zadar,N/A,2025 NBA Draft Eligible,Croatia
2022,Antonio Klarin,G,6-1,-,GKK Sibenk,N/A,2025 NBA Draft Eligible,Croatia
2022,Antonio Klepo,G,6-1,-,KK Split,Split,2026 NBA Draft Eligible,Croatia
2022,Martin Klepo,G,6-4,187,KK Dinamo,N/A,"2021 NBA Draft, Undrafted",Croatia
2022,Marat Kos,G,6-3,-,KK Bosco Zagreb,N/A,2028 NBA Draft Eligible,Croatia
2022,Mihael Kos,G,6-5,-,KK Dubrava Zagreb,N/A,2026 NBA Draft Eligible,Croatia
2022,Simun Kovac,F,6-8,230,KK Alkar,Ljubuski,"2020 NBA Draft, Undrafted",Bosnia and Herzegovina
2022,Maj Kovacevic,G,6-3,188,KK Split,Novo Mesto,"2012 NBA Draft, Undrafted",Slovenia
2022,Luka Krajnovic,F,6-5,185,KK Bosco Zagreb,Zagreb,2027 NBA Draft Eligible,Croatia
2022,Ante Krapic,F,6-8,228,KK Bosco Zagreb,Zadar,"2007 NBA Draft, Undrafted",Croatia
2022,Mario Kresevic,G,-,-,KK Skrljevo,N/A,2026 NBA Draft Eligible,Croatia
2022,Mario Kresic,C,6-7,-,KK Ribola Kastela,N/A,2024 NBA Draft Eligible,Croatia
2022,Ivan Kucan,GF,6-5,192,KK Zabok,N/A,"2018 NBA Draft, Undrafted",Croatia
2022,Vito Kucic,G,6-4,-,KK Cedevita Junior Zagreb,N/A,2024 NBA Draft Eligible,Croatia
2022,Robert Kujundzic,F,6-6,206,KK Skrljevo,Osijek,"2016 NBA Draft, Undrafted",Croatia
2022,Dario Kuzmanovic,G,6-2,-,KK Dubrava Zagreb,N/A,"2020 NBA Draft, Undrafted",Croatia
2022,Arijan Lakic,G,6-6,209,KK Zadar,Belgrade,"2022 NBA Draft, Undrafted",Serbia
2022,Jake Lawrence,G,6-4,190,GKK Sibenk,Boston (MA),"2022 NBA Draft, Undrafted",United States
2022,Seth LeDay,F,6-7,215,KK Velika Gorica,Dallas (TX),"2020 NBA Draft, Undrafted",United States
2022,Dejan Lez,G,6-1,-,KK Zabok,N/A,"2003 NBA Draft, Undrafted",Croatia
2022,Robert Lez,G,6-6,-,KK Zabok,N/A,"2001 NBA Draft, Undrafted",Croatia
2022,Mihael Linde,G,6-5,-,KK Bosco Zagreb,N/A,2025 NBA Draft Eligible,Croatia
2022,Duje Lisica,G,6-4,-,KK Split,N/A,2026 NBA Draft Eligible,Croatia
2022,Sime Lisica,G,6-3,-,KK Alkar,N/A,"2020 NBA Draft, Undrafted",Croatia
2022,Kresimir Ljubicic,C,6-11,-,KK Cibona,Zagreb,"2020 NBA Draft, Undrafted",Croatia
2022,Markus Loncar,C,7-0,230,KK Cedevita Junior Zagreb,Livno,"2018 NBA Draft, Undrafted",Bosnia and HerzegovinaCroatia
2022,Karlo Lukacic,G,6-3,-,KK Zabok,N/A,"2023 NBA Draft, Undrafted",Croatia
2022,Milan Luzajic,G,6-3,184,KK Velika Gorica,Trebinje,"2018 NBA Draft, Undrafted",Bosnia and Herzegovina
2022,Petar Madunic,C,6-10,205,KK Velika Gorica,Split,"2015 NBA Draft, Undrafted",Croatia
2022,Ivan Majcunic,G,6-4,-,KK Cibona,Zagreb,"2018 NBA Draft, Undrafted",Croatia
2022,Ivan Majic,G,6-4,-,KK Velika Gorica,Zagreb,"2020 NBA Draft, Undrafted",Croatia
2022,Mislav Majic,C,6-8,-,KK Dinamo,N/A,"2023 NBA Draft, Undrafted",Croatia
2022,Marko Malekinusic,F,6-5,220,KK Dinamo,Prozor-Rama,2027 NBA Draft Eligible,Bosnia and Herzegovina
2022,Nikola Malesevic,F,6-7,200,KK Cibona,Uzice,"2013 NBA Draft, Undrafted",Serbia
2022,Pavle Marcinkovic,F,6-5,196,KK Cedevita Junior Zagreb,Zadar,"2011 NBA Draft, Undrafted",Croatia
2022,Gabriel Maric,F,6-8,180,KK Alkar,Sinj,"2021 NBA Draft, Undrafted",Croatia
2022,Damir Markota,F,6-10,260,KK Dinamo,Sarajevo,2006 Rnd 2 Pick 29,CroatiaSweden
2022,Petar Markota,C,6-7,-,KK Ribola Kastela,N/A,2025 NBA Draft Eligible,Croatia
2022,Ivan Martinko,G,6-2,184,KK Zabok,Zabok,"2020 NBA Draft, Undrafted",Croatia
2022,Ante Masic,F,6-5,205,KK Velika Gorica,Tomislavgrad,"2007 NBA Draft, Undrafted",Bosnia and Herzegovina
2022,Vatroslav Mastelic,F,6-4,-,KK Alkar,N/A,2027 NBA Draft Eligible,Croatia
2022,Andrej Matic,G,5-10,-,KK Bosco Zagreb,N/A,2025 NBA Draft Eligible,Croatia
2022,Maksim Matulina,G,6-3,-,KK Zadar,N/A,2025 NBA Draft Eligible,Croatia
2022,Dominik Mavra,F,6-4,202,KK Split,Zadar,"2016 NBA Draft, Undrafted",Croatia
2022,Lovro Mazalin,F,6-8,209,KK Cibona,Sisak,"2019 NBA Draft, Undrafted",Croatia
2022,Adem Mekic,G,6-5,198,KK Zadar,Skopje,"2017 NBA Draft, Undrafted",North Macedonia
2022,Blaz Mesicek,G,6-6,170,KK Cibona,Ljubljana,"2019 NBA Draft, Undrafted",Slovenia
2022,Karlo Miksic,FC,6-2,190,KK Velika Gorica,Zagreb,"2019 NBA Draft, Undrafted",Croatia
2022,Frano Miloloza,F,6-4,-,KK Velika Gorica,N/A,2024 NBA Draft Eligible,Croatia
2022,Luka Murko,G,6-1,-,KK Ribola Kastela,N/A,2024 NBA Draft Eligible,Croatia
2022,Jakov Mustapic,G,6-4,198,KK Cedevita Junior Zagreb,Zagreb,"2016 NBA Draft, Undrafted",Croatia
2022,Ivan Nakic-Vojnovic,F,6-9,-,KK Velika Gorica,N/A,"2021 NBA Draft, Undrafted",Croatia
2022,Ivan Nazor,G,5-11,-,KK Dubrava Zagreb,N/A,2024 NBA Draft Eligible,Croatia
2022,Tyrell Nelson,F,6-7,235,KK Split,Charlotte (NC),"2017 NBA Draft, Undrafted",United States
2022,Ivan Njegovan,F,6-8,-,KK Zadar,N/A,2026 NBA Draft Eligible,Croatia
2022,Ivan Novacic,F,6-7,196,KK Dinamo,Zadar,"2007 NBA Draft, Undrafted",Croatia
2022,Emeka Obukwelu,F,6-8,235,KK Skrljevo,Plano (TX),"2022 NBA Draft, Undrafted",United States
2022,Petar Ogrizovic,G,6-2,198,KK Cedevita Junior Zagreb,Zagreb,"2021 NBA Draft, Undrafted",Croatia
2022,Ivan Ostric,G,5-10,-,KK Velika Gorica,N/A,2024 NBA Draft Eligible,Croatia
2022,Ivan Pacar,F,6-8,-,KK Split,N/A,2027 NBA Draft Eligible,Croatia
2022,Pavao Paic,C,6-9,225,GKK Sibenk,Sibenik,"2020 NBA Draft, Undrafted",Croatia
2022,Filip Paponja,G,6-2,-,KK Dubrava Zagreb,N/A,2024 NBA Draft Eligible,Croatia
2022,Ivan Pavela,G,6-2,-,KK Alkar,N/A,2027 NBA Draft Eligible,Croatia
2022,Josip Pavkovic,C,6-9,-,KK Cibona,N/A,2028 NBA Draft Eligible,Croatia
2022,Christian Peevy,G,6-7,210,KK Alkar,Chicago (IL),"2022 NBA Draft, Undrafted",United States
2022,Ivan Perasovic,F,6-7,198,KK Cibona,Split,2024 NBA Draft Eligible,Croatia
2022,Stipe Perica,G,5-8,-,KK Velika Gorica,N/A,2026 NBA Draft Eligible,Croatia
2022,Matej Perkovic,C,6-9,228,GKK Sibenk,Livno,"2023 NBA Draft, Undrafted",Bosnia and Herzegovina
2022,Ante Perkusic,F,6-5,-,KK Split,N/A,2024 NBA Draft Eligible,Croatia
2022,Marko Perovic,C,6-8,168,KK Zabok,Niksic,"2014 NBA Draft, Undrafted",Montenegro
2022,Juraj Pleadin,G,6-4,180,GKK Sibenk,N/A,2025 NBA Draft Eligible,Croatia
2022,Imran Polutak,C,6-10,218,KK Alkar,Aarau,"2018 NBA Draft, Undrafted",SwazilandBosnia and Herzegovina
2022,Vito Porobic,G,6-6,-,KK Velika Gorica,N/A,"2023 NBA Draft, Undrafted",Croatia
2022,Mladen Primorac,C,6-11,226,KK Bosco Zagreb,Mostar,"2012 NBA Draft, Undrafted",Bosnia and Herzegovina
2022,Marko Prskalo,F,6-6,195,KK Zabok,Mostar,"2020 NBA Draft, Undrafted",Bosnia and HerzegovinaCroatia
2022,Duje Putnik,F,6-7,-,KK Alkar,N/A,"2023 NBA Draft, Undrafted",Croatia
2022,Duje Radja,FC,6-8,235,KK Dubrava Zagreb,Split,"2021 NBA Draft, Undrafted",Croatia
2022,Kresimir Radovcic,G,6-5,194,KK Cibona,Sibenik,"2019 NBA Draft, Undrafted",Croatia
2022,Filip Radulovic,G,6-1,180,KK Bosco Zagreb,Zagreb,2027 NBA Draft Eligible,Croatia
2022,Vladimir Rajacic,GF,6-7,198,KK Alkar,Belgrade,"2022 NBA Draft, Undrafted",Serbia
2022,Mario Rajcic,F,6-6,-,KK Skrljevo,N/A,"2022 NBA Draft, Undrafted",Croatia
2022,Jakov Rajkovic,G,6-4,-,KK Skrljevo,N/A,2025 NBA Draft Eligible,Croatia
2022,Marko Ramljak,F,6-8,210,KK Zadar,Posusje,"2015 NBA Draft, Undrafted",CroatiaBosnia and Herzegovina
2022,Griffin Ramme,G,6-2,187,KK Skrljevo,La Verne (CA),"2011 NBA Draft, Undrafted",United States
2022,Sandro Rasic,G,6-5,-,KK Cedevita Junior Zagreb,N/A,"2023 NBA Draft, Undrafted",Croatia
2022,Bruno Rebic,G,6-4,-,GKK Sibenk,N/A,"2021 NBA Draft, Undrafted",Croatia
2022,Toma Rukavina,G,6-6,-,KK Bosco Zagreb,N/A,2025 NBA Draft Eligible,Croatia
2022,Lovre Runjic,F,6-6,-,KK Split,N/A,"2022 NBA Draft, Undrafted",Croatia
2022,Emir Sabic,G,6-3,185,KK Cedevita Junior Zagreb,Zagreb,"2019 NBA Draft, Undrafted",Croatia
2022,Leon Santelj,F,6-9,-,KK Zadar,Postojna,"2017 NBA Draft, Undrafted",Slovenia
2022,Petar Saric,G,6-1,176,GKK Sibenk,Kotor,"2017 NBA Draft, Undrafted",Montenegro
2022,Viktor Saric,C,6-8,204,KK Split,Split,"2023 NBA Draft, Undrafted",Croatia
2022,Emil Savic,G,6-6,208,KK Dubrava Zagreb,Zagreb,"2020 NBA Draft, Undrafted",Croatia
2022,Renato Serdarusic,F,6-5,-,KK Cedevita Junior Zagreb,N/A,"2023 NBA Draft, Undrafted",Croatia
2022,Shannon Shorter,G,6-4,200,KK Split,Houston (TX),"2011 NBA Draft, Undrafted",United States
2022,Antonio Sikiric,F,6-5,-,KK Zadar,N/A,2025 NBA Draft Eligible,Croatia
2022,Krunoslav Simon,F,6-6,220,KK Cedevita Junior Zagreb,Zagreb,"2007 NBA Draft, Undrafted",Croatia
2022,Fabian Sisko,F,6-7,-,KK Split,N/A,2025 NBA Draft Eligible,Croatia
2022,Mihael Skarica,G,6-0,-,KK Dinamo,N/A,2024 NBA Draft Eligible,Croatia
2022,Andrija Skoric,C,6-10,-,GKK Sibenk,Sibenik,"2017 NBA Draft, Undrafted",Croatia
2022,Luka Skoric,F,6-9,-,GKK Sibenk,N/A,2025 NBA Draft Eligible,Croatia
2022,Dominik Skugor,F,6-4,198,GKK Sibenk,Sibenik,2026 NBA Draft Eligible,Croatia
2022,Nik Slavica,F,6-9,200,KK Bosco Zagreb,Sibenik,"2019 NBA Draft, Undrafted",Croatia
2022,Leon Sljivaric,F,6-8,-,KK Bosco Zagreb,N/A,2026 NBA Draft Eligible,Croatia
2022,Sven Smajlagic,G,6-5,205,KK Cibona,Zagreb,"2012 NBA Draft, Undrafted",Croatia
2022,Vito Smojer,G,6-4,-,KK Skrljevo,N/A,2024 NBA Draft Eligible,Iceland
2022,Stipe Sokol,C,7-0,-,KK Velika Gorica,Makarska,2027 NBA Draft Eligible,Croatia
2022,Jakov Stipanicev,C,6-11,-,KK Zabok,Novo Mesto,"2021 NBA Draft, Undrafted",Slovenia
2022,Igor Stojanovic,F,6-5,-,KK Zabok,N/A,"2021 NBA Draft, Undrafted",Croatia
2022,Lewis Sullivan,F,6-7,231,KK Split,Hazel Green (AL),"2019 NBA Draft, Undrafted",United States
2022,Ivan Svalina,G,6-5,195,KK Alkar,N/A,"2019 NBA Draft, Undrafted",Croatia
2022,Noa Svoboda,G,6-2,-,KK Skrljevo,N/A,2025 NBA Draft Eligible,Croatia
2022,Derryck Thornton,G,6-3,195,KK Skrljevo,Las Vegas (NV),"2020 NBA Draft, Undrafted",United States
2022,Bojan Tisma,-,-,-,KK Dubrava Zagreb,N/A,2026 NBA Draft Eligible,Croatia
2022,Boris Tisma,F,6-9,207,KK Split,Zagreb,2024 NBA Draft Eligible,Croatia
2022,Luka Tomas,G,6-4,-,KK Zabok,Koprivnica,"2021 NBA Draft, Undrafted",Croatia
2022,Mateo Tomasevic,F,6-8,-,KK Split,N/A,2027 NBA Draft Eligible,Croatia
2022,Mladen Tomasevic,F,6-8,-,KK Alkar,N/A,2025 NBA Draft Eligible,Croatia
2022,Mihael Tomic,F,6-9,-,KK Zabok,N/A,2026 NBA Draft Eligible,Croatia
2022,Lovre Topic,G,6-1,-,KK Ribola Kastela,N/A,"2022 NBA Draft, Undrafted",Croatia
2022,Djordje Topolovic,FC,6-10,-,KK Cedevita Junior Zagreb,Gradiska,"2023 NBA Draft, Undrafted",Bosnia and Herzegovina
2022,Roko Ukic,G,6-5,183,KK Split,Split,2005 Rnd 2 Pick 11,Croatia
2022,Karlo Uljarevic,G,6-2,174,KK Velika Gorica,Osijek,"2020 NBA Draft, Undrafted",Croatia
2022,David Usic,FC,6-9,220,KK Dinamo,Velika Gorica,"2014 NBA Draft, Undrafted",Croatia
2022,Josip Vidovic,F,-,-,KK Ribola Kastela,N/A,"2022 NBA Draft, Undrafted",Croatia
2022,Karlo Vidovic,-,-,-,KK Ribola Kastela,N/A,2028 NBA Draft Eligible,Croatia
2022,Mateo Vidovic,G,6-5,176,KK Dubrava Zagreb,Dubrovnik,"2021 NBA Draft, Undrafted",Croatia
2022,Blaz Vojedilov,G,5-6,-,KK Alkar,N/A,2025 NBA Draft Eligible,Croatia
2022,Ivan Vrgoc,F,6-7,202,KK Cedevita Junior Zagreb,Split,"2021 NBA Draft, Undrafted",Croatia
2022,Marin Vrucinic,F,6-6,181,KK Dinamo,Split,"2019 NBA Draft, Undrafted",Croatia
2022,Hrvoje Vucic,C,7-1,245,KK Alkar,Split,"2014 NBA Draft, Undrafted",Croatia
2022,Ivan Vucic,F,6-5,205,KK Dinamo,Zagreb,"2018 NBA Draft, Undrafted",Croatia
2022,Tonko Vuko,F,6-8,228,KK Split,Split,"2017 NBA Draft, Undrafted",Croatia
2022,Domagoj Vukovic,F,6-10,-,KK Cibona,Rijeka,"2015 NBA Draft, Undrafted",Croatia
2022,Jurica Zagorsak,G,6-6,-,KK Zadar,N/A,2027 NBA Draft Eligible,Croatia
2022,Vice Zanki,G,6-7,-,KK Cedevita Junior Zagreb,Zagreb,2027 NBA Draft Eligible,Croatia
2022,Marko Zebic,F,6-4,-,KK Ribola Kastela,N/A,2026 NBA Draft Eligible,Croatia
2022,Karlo Zganec,F,6-9,225,KK Zadar,Zagreb,"2017 NBA Draft, Undrafted",Croatia
2022,Ivo Zukanovic,G,6-3,-,KK Alkar,N/A,2024 NBA Draft Eligible,Croatia
2023,Matej Akrap,F,6-4,-,KK Bosco Zagreb,N/A,2027 NBA Draft Eligible,Croatia
2023,Kevaughn Allen,G,6-2,193,KK Cedevita Junior Zagreb,North Little Rock (AR),"2019 NBA Draft, Undrafted",United States
2023,Yuat Alok,F,6-11,211,KK Alkar,Auckland,"2022 NBA Draft, Undrafted",AustraliaKenya
2023,Tre Anderson,G,6-1,180,KK Alkar,Tacoma (WA),"2023 NBA Draft, Undrafted",United States
2023,Andro Antonic,GF,6-4,163,KK Zabok,Maribor,"2023 NBA Draft, Undrafted",Slovenia
2023,Luka Anzulovic,G,6-0,-,KK Cedevita Junior Zagreb,N/A,2026 NBA Draft Eligible,Slovenia
2023,Aleksandar Aranitovic,G,6-5,201,KK Cibona,Belgrade,"2020 NBA Draft, Undrafted",Serbia
2023,Wayne Arnold,G,6-3,170,KK Dubrava Zagreb,Compton (CA),"2023 NBA Draft, Undrafted",United States
2023,Luka Babic,F,6-7,-,GKK Sibenk,N/A,"2022 NBA Draft, Undrafted",Sweden
2023,Matija Bacic,-,-,-,KK Dubrovnik,N/A,2024 NBA Draft Eligible,-
2023,Josip Badrak,G,6-3,-,KK Zadar,N/A,2027 NBA Draft Eligible,Croatia
2023,Nikola Bagaric,-,-,-,KK Dinamo,N/A,2024 NBA Draft Eligible,Croatia
2023,Niko Bandov,F,6-7,-,KK Cibona,N/A,2028 NBA Draft Eligible,Croatia
2023,Emilio Banic,F,6-6,-,KK Alkar,Zadar,"2015 NBA Draft, Undrafted",Croatia
2023,Vigo Bart,G,5-10,-,KK Skrljevo,N/A,2027 NBA Draft Eligible,Croatia
2023,Josip Batinic,G,6-4,204,KK Cedevita Junior Zagreb,Mostar,"2021 NBA Draft, Undrafted",Bosnia and HerzegovinaCroatia
2023,Ivan Batur,F,6-7,185,KK Zabok,Zadar,"2013 NBA Draft, Undrafted",Croatia
2023,Darius Bell,F,6-8,220,KK Skrljevo,Courtland (VA),"2022 NBA Draft, Undrafted",United States
2023,Toni Bilic,F,6-8,-,KK Cedevita Junior Zagreb,Trogir,2027 NBA Draft Eligible,Croatia
2023,Luka Bilokapic,G,6-2,-,KK Zadar,N/A,2027 NBA Draft Eligible,Croatia
2023,Franko Bilos,-,-,-,KK Bosco Zagreb,N/A,2028 NBA Draft Eligible,Croatia
2023,Norik Binqe,G,6-5,-,KK Dubrava Zagreb,N/A,2027 NBA Draft Eligible,Kosovo
2023,Ralph Bissainthe,GF,6-7,205,KK Alkar,North Miami (FL),"2023 NBA Draft, Undrafted",United States
2023,Andrija Blatancic,G,6-7,200,KK Alkar,Sibenik,"2020 NBA Draft, Undrafted",CroatiaNorway
2023,Jure Boban,F,6-6,210,KK Alkar,Sinj,"2016 NBA Draft, Undrafted",Croatia
2023,Lukas Bobek,F,6-3,-,GKK Sibenk,N/A,2026 NBA Draft Eligible,Croatia
2023,Ivan Bogdanovic,F,6-7,-,KK Cedevita Junior Zagreb,N/A,2026 NBA Draft Eligible,Croatia
2023,Vigor Borovcak,F,6-6,-,KK Zabok,N/A,2028 NBA Draft Eligible,Croatia
2023,Matej Bosnjak,C,6-9,-,KK Cibona,N/A,2024 NBA Draft Eligible,Croatia
2023,Luka Bozic,G,6-5,195,KK Zadar,Bjelovar,"2017 NBA Draft, Undrafted",Croatia
2023,Ante Brajkovic,G,5-9,-,GKK Sibenk,N/A,2027 NBA Draft Eligible,Croatia
2023,Marin Brekalo,-,-,-,KK Bosco Zagreb,N/A,2028 NBA Draft Eligible,Croatia
2023,Srdan Brocic,G,6-0,-,KK Alkar,N/A,"2021 NBA Draft, Undrafted",Croatia
2023,Michael Brown,G,5-11,183,GKK Sibenk,Winchester (VA),"2023 NBA Draft, Undrafted",United States
2023,Mislav Brzoja,G,6-6,215,KK Dinamo,Zagreb,"2017 NBA Draft, Undrafted",Croatia
2023,Bruno Bubalo,G,6-4,-,KK Bosco Zagreb,N/A,2029 NBA Draft Eligible,Croatia
2023,Tomislav Mihael Buljan,F,6-9,-,KK Cibona,N/A,2024 NBA Draft Eligible,Croatia
2023,Luksa Buljevic,F,6-7,-,KK Zabok,N/A,2024 NBA Draft Eligible,Croatia
2023,Filip Bundovic,F,6-7,205,KK Cibona,Zagreb,"2016 NBA Draft, Undrafted",Croatia
2023,Branden Bunn,G,6-2,-,KK Bosco Zagreb,Bronx (NY),"2023 NBA Draft, Undrafted",United States
2023,Dino Butorac,G,6-3,186,KK Bosco Zagreb,Pozega,"2012 NBA Draft, Undrafted",Croatia
2023,Dino Cinac,F,6-7,-,KK Zabok,N/A,"2010 NBA Draft, Undrafted",Croatia
2023,Ante Cosic,F,6-6,-,KK Bosco Zagreb,N/A,2027 NBA Draft Eligible,Croatia
2023,Luka Cosic,G,6-2,-,KK Skrljevo,N/A,"2022 NBA Draft, Undrafted",Croatia
2023,Ante Covic,F,6-9,206,KK Alkar,N/A,2026 NBA Draft Eligible,Bosnia and Herzegovina
2023,Antonio Crnjevic,F,6-6,200,KK Zabok,Zabok,"2016 NBA Draft, Undrafted",Croatia
2023,Matej Crnogorac,F,6-9,-,KK Cibona,N/A,2029 NBA Draft Eligible,Croatia
2023,Luka Cvitanovic,G,6-4,-,KK Zabok,Zagreb,"2022 NBA Draft, Undrafted",Croatia
2023,Marin Cvitkovic,-,-,-,KK Bosco Zagreb,N/A,2030 NBA Draft Eligible,Croatia
2023,Tomislav Cvitkovic,F,6-9,-,KK Dubrovnik,Karlovac,"2020 NBA Draft, Undrafted",Croatia
2023,Tomo Dacer,G,6-0,-,KK Bosco Zagreb,N/A,2031 NBA Draft Eligible,Croatia
2023,Duje Damjanic,G,6-4,-,KK Zabok,N/A,2025 NBA Draft Eligible,Croatia
2023,"Juan Davis, Jr.",F,6-8,205,KK Zadar,West Point (MS),"2018 NBA Draft, Undrafted",United States
2023,Dario Dreznjak,F,6-2,185,KK Zadar,Mostar,"2020 NBA Draft, Undrafted",Bosnia and HerzegovinaCroatia
2023,Petar Dubelj,G,6-5,194,KK Dubrovnik,Dubrovnik,"2019 NBA Draft, Undrafted",Croatia
2023,Marino Dubravcic,C,6-9,-,KK Split,N/A,2026 NBA Draft Eligible,Croatia
2023,Stipe Dugandzic,G,5-11,-,KK Dinamo,N/A,2026 NBA Draft Eligible,Bosnia and HerzegovinaCroatia
2023,Dragan Dzajic,G,6-2,-,KK Dubrovnik,Split,"2022 NBA Draft, Undrafted",CroatiaBosnia and Herzegovina
2023,Filip Ferderber,F,6-4,-,KK Cibona,Zagreb,2028 NBA Draft Eligible,Croatia
2023,Makale Foreman,G,6-1,190,GKK Sibenk,Kingsport (TN),"2022 NBA Draft, Undrafted",United States
2023,Luka Francesevic,G,6-3,-,KK Cedevita Junior Zagreb,N/A,2027 NBA Draft Eligible,Croatia
2023,D.J. Funderburk,C,6-10,225,KK Split,Lakewood (OH),"2021 NBA Draft, Undrafted",United States
2023,Roko Galic,F,6-6,-,KK Dubrava Zagreb,N/A,"2019 NBA Draft, Undrafted",Croatia
2023,Hrvoje Garfolic,F,6-5,-,KK Dinamo,N/A,"2012 NBA Draft, Undrafted",Croatia
2023,Roko Gizdavcic,G,6-3,-,KK Split,Split,"2023 NBA Draft, Undrafted",Croatia
2023,Lovro Gnjidic,GF,6-6,190,KK Split,Zagreb,"2023 NBA Draft, Undrafted",Croatia
2023,Jurica Golemac,F,6-9,225,KK Cibona,Zagreb,"1999 NBA Draft, Undrafted",CroatiaSlovenia
2023,Jacob Grandison,F,6-6,210,KK Cibona,Oakland (CA),"2023 NBA Draft, Undrafted",United StatesFinland
2023,Vice Grbic,F,6-7,-,KK Zadar,N/A,2028 NBA Draft Eligible,Croatia
2023,Troy Green,G,6-3,215,KK Alkar,St. Rose (LA),"2022 NBA Draft, Undrafted",United States
2023,Ivan Gulin,GF,6-7,180,KK Skrljevo,N/A,"2023 NBA Draft, Undrafted",Croatia
2023,Markus Gunjaca,-,-,-,KK Bosco Zagreb,N/A,2030 NBA Draft Eligible,Croatia
2023,Noah Gurley,F,6-8,215,KK Alkar,Fayetteville (GA),"2023 NBA Draft, Undrafted",United States
2023,Gvido Gustin,F,6-7,213,KK Dubrovnik,N/A,"2023 NBA Draft, Undrafted",Croatia
2023,Tray Hollowell,G,6-3,185,KK Skrljevo,Hopkinsville (KY),"2022 NBA Draft, Undrafted",United States
2023,Myles Howard,C,6-9,201,GKK Sibenk,Chicago (IL),"2020 NBA Draft, Undrafted",United States
2023,Armin Hrstic,G,6-5,-,GKK Sibenk,Tuzla,"2022 NBA Draft, Undrafted",Bosnia and Herzegovina
2023,Johnathan Hudson,G,5-11,161,KK Dubrava Zagreb,Sugar Land (TX),"2010 NBA Draft, Undrafted",United States
2023,Ivan Matko Ikic,-,-,-,KK Bosco Zagreb,N/A,2027 NBA Draft Eligible,Croatia
2023,Nikola Ivankovic,F,6-7,218,KK Bosco Zagreb,N/A,"2021 NBA Draft, Undrafted",Croatia
2023,Jere Jakic,F,6-5,-,KK Cibona,N/A,2029 NBA Draft Eligible,Croatia
2023,Patrik Jambrovic,F,6-8,205,KK Zadar,Cakovec,"2018 NBA Draft, Undrafted",Croatia
2023,Toni Jelenkovic,G,5-11,170,KK Bosco Zagreb,Zadar,"2019 NBA Draft, Undrafted",Croatia
2023,Martin Jelic,GF,6-5,218,KK Cedevita Junior Zagreb,N/A,"2012 NBA Draft, Undrafted",Croatia
2023,Mirko Jukic,F,6-6,-,KK Alkar,N/A,2024 NBA Draft Eligible,Serbia
2023,Ivan Juric,C,6-11,229,KK Dubrava Zagreb,N/A,2028 NBA Draft Eligible,Croatia
2023,Filip Kalajzic,F,6-9,-,KK Dubrava Zagreb,N/A,2025 NBA Draft Eligible,Croatia
2023,Mate Kalajzic,G,6-2,174,KK Split,Split,"2020 NBA Draft, Undrafted",Croatia
2023,Stjepan Kalamiza,G,6-0,-,KK Dubrava Zagreb,N/A,2026 NBA Draft Eligible,Croatia
2023,Leon Kalinic,F,6-9,225,KK Dubrava Zagreb,Slavonski Brod,2024 NBA Draft Eligible,Croatia
2023,Ivan Karacic,F,6-8,204,KK Cedevita Junior Zagreb,Mostar,"2018 NBA Draft, Undrafted",Bosnia and HerzegovinaCroatia
2023,Kenan Karahodzic,C,6-10,230,KK Dubrava Zagreb,Backa Topola,"2018 NBA Draft, Undrafted",SerbiaBosnia and Herzegovina
2023,Borna Katanovic,F,6-6,-,KK Cibona,N/A,2029 NBA Draft Eligible,Croatia
2023,Lovre Klaric,G,6-5,-,KK Dubrovnik,N/A,2025 NBA Draft Eligible,Croatia
2023,Krsevan Klarica,F,6-5,-,KK Zadar,N/A,2025 NBA Draft Eligible,Croatia
2023,Antonio Klarin,G,6-1,-,GKK Sibenk,N/A,2025 NBA Draft Eligible,Croatia
2023,Antonio Klepo,G,6-1,-,KK Split,Split,2026 NBA Draft Eligible,Croatia
2023,Marat Kos,G,6-3,-,KK Bosco Zagreb,N/A,2028 NBA Draft Eligible,Croatia
2023,Mihael Kos,G,6-5,-,KK Dubrava Zagreb,N/A,2026 NBA Draft Eligible,Croatia
2023,Jan Kosi,F,6-8,200,KK Zabok,Slovenj Gradec,"2018 NBA Draft, Undrafted",Slovenia
2023,Filip Krajina,C,6-11,-,KK Skrljevo,Osijek,"2017 NBA Draft, Undrafted",Croatia
2023,Filip Kraljevic,C,7-0,210,KK Dinamo,Mostar,"2011 NBA Draft, Undrafted",Bosnia and HerzegovinaCroatia
2023,Ante Krapic,F,6-8,228,KK Bosco Zagreb,Zadar,"2007 NBA Draft, Undrafted",Croatia
2023,Josip Krizmanic,G,6-3,-,KK Cibona,N/A,2028 NBA Draft Eligible,Croatia
2023,Vito Kucic,G,6-4,-,KK Split,N/A,2024 NBA Draft Eligible,Croatia
2023,Zvonimir Kujundzic,F,6-7,-,KK Cibona,N/A,2027 NBA Draft Eligible,Croatia
2023,Dario Kuzmanovic,G,6-2,-,KK Dubrava Zagreb,N/A,"2020 NBA Draft, Undrafted",Croatia
2023,Arijan Lakic,G,6-6,209,KK Zadar,Belgrade,"2022 NBA Draft, Undrafted",Serbia
2023,Vladan Lazic,G,6-2,182,KK Dubrovnik,N/A,"2023 NBA Draft, Undrafted",Croatia
2023,Javon Levi,G,5-11,175,KK Dubrovnik,Killeen (TX),"2022 NBA Draft, Undrafted",United States
2023,Duje Lisica,G,6-4,-,KK Split,N/A,2026 NBA Draft Eligible,Croatia
2023,Kresimir Ljubicic,C,6-11,-,KK Split,Zagreb,"2020 NBA Draft, Undrafted",Croatia
2023,Marko Ljubicic,F,6-7,-,KK Cedevita Junior Zagreb,N/A,2027 NBA Draft Eligible,Croatia
2023,Austin Luke,G,6-3,200,KK Cedevita Junior Zagreb,Rowlett (TX),"2018 NBA Draft, Undrafted",United States
2023,Marko Lukic,F,6-7,195,GKK Sibenk,Belgrade,2024 NBA Draft Eligible,Serbia
2023,Roko Lukic,F,6-4,-,KK Dinamo,N/A,2027 NBA Draft Eligible,Croatia
2023,Ivan Majcunic,G,6-4,-,KK Cibona,Zagreb,"2018 NBA Draft, Undrafted",Croatia
2023,Ivan Majic,G,6-4,-,KK Dinamo,Zagreb,"2020 NBA Draft, Undrafted",Croatia
2023,Lovro Mandainic,GF,6-6,-,GKK Sibenk,N/A,"2018 NBA Draft, Undrafted",Croatia
2023,Marko Mandic,G,6-2,-,KK Bosco Zagreb,N/A,"2002 NBA Draft, Undrafted",Croatia
2023,Pavle Marcinkovic,F,6-5,196,KK Alkar,Zadar,"2011 NBA Draft, Undrafted",Croatia
2023,Antun Maricevic,F,6-10,249,KK Cedevita Junior Zagreb,Zagreb,"2020 NBA Draft, Undrafted",Croatia
2023,Ivan Martic,-,-,-,KK Dinamo,N/A,2027 NBA Draft Eligible,Croatia
2023,Andrej Matic,G,5-10,-,KK Dubrava Zagreb,N/A,2025 NBA Draft Eligible,Croatia
2023,Andrija Matic,C,6-10,220,KK Dubrava Zagreb,Belgrade,"2019 NBA Draft, Undrafted",Serbia
2023,Maksim Matulina,G,6-3,-,KK Alkar,N/A,2025 NBA Draft Eligible,Croatia
2023,Lovro Mazalin,F,6-8,209,KK Zadar,Sisak,"2019 NBA Draft, Undrafted",Croatia
2023,Adem Mekic,G,6-5,198,KK Zadar,Skopje,"2017 NBA Draft, Undrafted",North Macedonia
2023,Karlo Miksic,FC,6-2,190,KK Dinamo,Zagreb,"2019 NBA Draft, Undrafted",Croatia
2023,Filip Miljkovic,F,6-8,-,KK Skrljevo,N/A,2027 NBA Draft Eligible,Croatia
2023,Petar Miovic,F,6-8,-,KK Dubrovnik,N/A,2028 NBA Draft Eligible,Croatia
2023,Marin Mrduljas,-,-,-,KK Dinamo,N/A,2027 NBA Draft Eligible,Croatia
2023,Vanja Mrduljas,-,-,-,KK Dinamo,N/A,2027 NBA Draft Eligible,Croatia
2023,Luka Mrsic,G,6-4,-,KK Cedevita Junior Zagreb,N/A,2024 NBA Draft Eligible,Croatia
2023,Jakov Mustapic,G,6-4,198,KK Cibona,Zagreb,"2016 NBA Draft, Undrafted",Croatia
2023,Ivan Nakic-Vojnovic,F,6-9,-,KK Dinamo,N/A,"2021 NBA Draft, Undrafted",Croatia
2023,Ivan Nazor,G,5-11,-,KK Alkar,N/A,2024 NBA Draft Eligible,Croatia
2023,Nick Neal,G,6-0,180,KK Zabok,Detroit (MI),"2012 NBA Draft, Undrafted",United States
2023,Ivan Njegovan,F,6-8,-,KK Zadar,N/A,2026 NBA Draft Eligible,Croatia
2023,Ivan Novacic,F,6-7,196,KK Dinamo,Zadar,"2007 NBA Draft, Undrafted",Croatia
2023,Petar Ogrizovic,G,6-2,198,KK Cedevita Junior Zagreb,Zagreb,"2021 NBA Draft, Undrafted",Croatia
2023,Zac Owens,G,5-11,175,KK Zabok,Anderlecht,"2022 NBA Draft, Undrafted",United States
2023,Pavao Paic,C,6-9,225,GKK Sibenk,Sibenik,"2020 NBA Draft, Undrafted",Croatia
2023,Filip Paponja,G,6-2,-,KK Dubrava Zagreb,N/A,2024 NBA Draft Eligible,Croatia
2023,Ivan Pavela,G,6-2,-,KK Alkar,N/A,2027 NBA Draft Eligible,Croatia
2023,Marin Pavic,G,6-3,-,KK Alkar,N/A,"2020 NBA Draft, Undrafted",Croatia
2023,David Pavin,G,5-9,-,KK Split,N/A,2027 NBA Draft Eligible,Croatia
2023,Josip Pavkovic,C,6-9,-,KK Cibona,N/A,2028 NBA Draft Eligible,Croatia
2023,Matija Pavlic,G,5-8,-,KK Dinamo,N/A,2026 NBA Draft Eligible,Croatia
2023,Luka Pehar,-,-,-,KK Dinamo,N/A,2024 NBA Draft Eligible,Bosnia and Herzegovina
2023,Ivan Perasovic,F,6-7,198,KK Cibona,Split,2024 NBA Draft Eligible,Croatia
2023,Zdravko Peric,G,5-11,-,KK Bosco Zagreb,N/A,2031 NBA Draft Eligible,Croatia
2023,Matej Perkovic,C,6-9,228,GKK Sibenk,Livno,"2023 NBA Draft, Undrafted",Bosnia and Herzegovina
2023,Toni Perkovic,G,6-3,183,KK Split,Pula,"2020 NBA Draft, Undrafted",Croatia
2023,Ante Perkusic,F,6-5,-,KK Split,N/A,2024 NBA Draft Eligible,Croatia
2023,Luka Petranovic,GF,6-4,-,KK Bosco Zagreb,Zagreb,2028 NBA Draft Eligible,Croatia
2023,Damier Pitts,G,5-10,165,KK Dubrava Zagreb,Charlotte (NC),"2012 NBA Draft, Undrafted",United States
2023,Juraj Pleadin,G,6-4,180,GKK Sibenk,N/A,2025 NBA Draft Eligible,Croatia
2023,Josip Popic,C,6-9,207,KK Dubrovnik,Graz,"2020 NBA Draft, Undrafted",Austria
2023,Lovro Prkacin,C,6-9,-,KK Cibona,N/A,2026 NBA Draft Eligible,Croatia
2023,Ivano Prlj,-,-,-,KK Dubrovnik,N/A,2024 NBA Draft Eligible,-
2023,Domagoj Proleta,F,6-8,220,KK Cibona,Dubrovnik,"2020 NBA Draft, Undrafted",Croatia
2023,Kresimir Radovcic,G,6-5,194,KK Cibona,Sibenik,"2019 NBA Draft, Undrafted",Croatia
2023,Stellan Rajaofera,F,6-5,-,KK Dubrava Zagreb,N/A,2026 NBA Draft Eligible,Croatia
2023,Mario Rajcic,F,6-6,-,KK Skrljevo,N/A,"2022 NBA Draft, Undrafted",Croatia
2023,Jakov Rajkovic,G,6-4,-,KK Skrljevo,N/A,2025 NBA Draft Eligible,Croatia
2023,Marko Ramljak,F,6-8,210,KK Zadar,Posusje,"2015 NBA Draft, Undrafted",CroatiaBosnia and Herzegovina
2023,Tomislav Raos,G,6-1,-,KK Bosco Zagreb,N/A,2025 NBA Draft Eligible,Bosnia and Herzegovina
2023,Sandro Rasic,G,6-5,-,KK Cedevita Junior Zagreb,N/A,"2023 NBA Draft, Undrafted",Croatia
2023,Bruno Rebic,G,6-4,-,KK Zabok,N/A,"2021 NBA Draft, Undrafted",Croatia
2023,Niko Rimac,G,6-2,-,KK Dubrava Zagreb,N/A,2028 NBA Draft Eligible,Croatia
2023,Toni Rocak,F,6-9,220,KK Dubrava Zagreb,Geneva,"2023 NBA Draft, Undrafted",Switzerland
2023,Toma Rukavina,G,6-6,-,KK Dinamo,N/A,2025 NBA Draft Eligible,Croatia
2023,Lovre Runjic,F,6-6,-,KK Split,N/A,"2022 NBA Draft, Undrafted",Croatia
2023,Sven Salopek,F,6-7,-,KK Skrljevo,N/A,2024 NBA Draft Eligible,Croatia
2023,Petar Saric,G,6-1,176,GKK Sibenk,Kotor,"2017 NBA Draft, Undrafted",Montenegro
2023,Viktor Saric,C,6-8,204,KK Skrljevo,Split,"2023 NBA Draft, Undrafted",Croatia
2023,Emil Savic,G,6-6,208,KK Zabok,Zagreb,"2020 NBA Draft, Undrafted",Croatia
2023,Renato Serdarusic,F,6-5,-,KK Cedevita Junior Zagreb,N/A,"2023 NBA Draft, Undrafted",Croatia
2023,Cam Shelton,G,6-2,185,KK Split,Chino Hills (CA),"2023 NBA Draft, Undrafted",United States
2023,Shannon Shorter,G,6-4,200,KK Split,Houston (TX),"2011 NBA Draft, Undrafted",United States
2023,Antonio Sikiric,F,6-5,-,KK Zabok,N/A,2025 NBA Draft Eligible,Croatia
2023,Luka Skoric,F,6-9,-,GKK Sibenk,N/A,2025 NBA Draft Eligible,Croatia
2023,Dominik Skugor,F,6-4,198,GKK Sibenk,Sibenik,2026 NBA Draft Eligible,Croatia
2023,Leon Sljivaric,F,6-8,-,KK Skrljevo,N/A,2026 NBA Draft Eligible,Croatia
2023,Nikola Stanojevic,F,6-8,208,KK Skrljevo,N/A,"2012 NBA Draft, Undrafted",Serbia
2023,Milic Starovlah,F,6-5,196,GKK Sibenk,Pljevlja,"2020 NBA Draft, Undrafted",Montenegro
2023,Alex Stein,G,6-3,190,KK Cibona,Evansville (IN),"2019 NBA Draft, Undrafted",United States
2023,Shamiel Stevenson,F,6-6,245,KK Split,Toronto,"2022 NBA Draft, Undrafted",Canada
2023,Lewis Sullivan,F,6-7,231,KK Split,Hazel Green (AL),"2019 NBA Draft, Undrafted",United States
2023,Ante Sustic,C,6-11,230,KK Zabok,Split,"2022 NBA Draft, Undrafted",Croatia
2023,Noa Svoboda,G,6-2,-,KK Skrljevo,N/A,2025 NBA Draft Eligible,Croatia
2023,Kellon Taylor,F,6-6,215,KK Skrljevo,Landover (MD),"2022 NBA Draft, Undrafted",United States
2023,Marcus Taylor,G,6-3,195,KK Skrljevo,Lansing (MI),2002 Rnd 2 Pick 23,United States
2023,Tin Tikvesa,-,-,-,KK Bosco Zagreb,N/A,2028 NBA Draft Eligible,Croatia
2023,Bojan Tisma,-,-,-,KK Dubrava Zagreb,N/A,2026 NBA Draft Eligible,Croatia
2023,Boris Tisma,F,6-9,207,KK Split,Zagreb,2024 NBA Draft Eligible,Croatia
2023,Luka Tomas,G,6-4,-,KK Dinamo,Koprivnica,"2021 NBA Draft, Undrafted",Croatia
2023,Mladen Tomasevic,F,6-8,-,KK Alkar,N/A,2025 NBA Draft Eligible,Croatia
2023,Mihael Tomic,F,6-9,-,KK Zabok,N/A,2026 NBA Draft Eligible,Croatia
2023,Toni Tomusic,G,6-3,-,KK Zabok,N/A,2025 NBA Draft Eligible,Croatia
2023,Djordje Topolovic,FC,6-10,-,GKK Sibenk,Gradiska,"2023 NBA Draft, Undrafted",Bosnia and Herzegovina
2023,Roko Ukic,G,6-5,183,KK Split,Split,2005 Rnd 2 Pick 11,Croatia
2023,Karlo Uljarevic,G,6-2,174,KK Skrljevo,Osijek,"2020 NBA Draft, Undrafted",Croatia
2023,Filippo Valenti,G,6-2,-,KK Bosco Zagreb,N/A,2025 NBA Draft Eligible,Italy
2023,Luka Vargek,G,5-8,-,KK Dinamo,N/A,2026 NBA Draft Eligible,Croatia
2023,Mateo Vidovic,G,6-5,176,KK Dubrava Zagreb,Dubrovnik,"2021 NBA Draft, Undrafted",Croatia
2023,Ivan Vodopija,FC,6-8,-,KK Dubrovnik,N/A,"2015 NBA Draft, Undrafted",Croatia
2023,Karlo Vragovic,G,6-3,183,KK Dubrava Zagreb,Zagreb,"2011 NBA Draft, Undrafted",Croatia
2023,Ivan Vrgoc,F,6-7,202,KK Dinamo,Split,"2021 NBA Draft, Undrafted",Croatia
2023,Marin Vrucinic,F,6-6,181,KK Dinamo,Split,"2019 NBA Draft, Undrafted",Croatia
2023,Hrvoje Vucic,C,7-1,245,KK Alkar,Split,"2014 NBA Draft, Undrafted",Croatia
2023,Ivan Vucic,F,6-5,205,KK Dinamo,Zagreb,"2018 NBA Draft, Undrafted",Croatia
2023,Marko Vucic,F,6-7,-,KK Cibona,N/A,2026 NBA Draft Eligible,Croatia
2023,Petar Vujacic,G,6-4,198,KK Zadar,Maribor,"2022 NBA Draft, Undrafted",Slovenia
2023,Filip Vujicic,G,6-4,-,KK Dubrovnik,N/A,"2022 NBA Draft, Undrafted",Croatia
2023,Jakov Vujicic,G,6-2,-,KK Dubrovnik,N/A,2025 NBA Draft Eligible,Croatia
2023,Tonko Vuko,F,6-8,228,KK Split,Split,"2017 NBA Draft, Undrafted",Croatia
2023,Domagoj Vukovic,F,6-10,-,KK Cibona,Rijeka,"2015 NBA Draft, Undrafted",Croatia
2023,Kahlil Whitney,F,6-6,210,KK Skrljevo,Chicago (IL),"2020 NBA Draft, Undrafted",United States
2023,Karlo Zganec,F,6-9,225,KK Zadar,Zagreb,"2017 NBA Draft, Undrafted",Croatia
2023,Matija Zoric,C,6-9,-,KK Dubrovnik,N/A,2027 NBA Draft Eligible,Croatia
